"catalogNumber","Genus","standardGenus","family","standardFamily","authority"
"4779","Baiomys","Baiomys","Cricetidae","Muridae","ITIS"
"4858","Baiomys","Baiomys","Cricetidae","Muridae","ITIS"
"4588","Baiomys","Baiomys","Cricetidae","Muridae","ITIS"
"4499","Baiomys","Baiomys","Cricetidae","Muridae","ITIS"
"2515","Baiomys","Baiomys","Cricetidae","Muridae","ITIS"
"2693","Baiomys","Baiomys","Cricetidae","Muridae","ITIS"
"4500","Baiomys","Baiomys","Cricetidae","Muridae","ITIS"
"2477","Baiomys","Baiomys","Cricetidae","Muridae","ITIS"
"2603","Baiomys","Baiomys","Cricetidae","Muridae","ITIS"
"4586","Baiomys","Baiomys","Cricetidae","Muridae","ITIS"
"4587","Baiomys","Baiomys","Cricetidae","Muridae","ITIS"
"5448","CONDYLURA","Condylura","Talpidae","Scalopinae","ITIS"
"5542","Lemmiscus","Lemmiscus","Cricetidae","Muridae","ITIS"
"5775","Lemmiscus","Lemmiscus","Cricetidae","Muridae","ITIS"
"5820","Mephitis","Mephitis",,"Mephitidae","ITIS"
"2178","Mesocricetus","Mesocricetus","Cricetidae","Muridae","ITIS"
"3761","Microtus","Microtus","Cricetidae","Muridae","ITIS"
"4030","Microtus","Microtus","Cricetidae","Muridae","ITIS"
"3759","Microtus","Microtus","Cricetidae","Muridae","ITIS"
"3762","Microtus","Microtus","Cricetidae","Muridae","ITIS"
"3760","Microtus","Microtus","Cricetidae","Muridae","ITIS"
"4022","Microtus","Microtus","Cricetidae","Muridae","ITIS"
"1449","Microtus","Microtus","Cricetidae","Muridae","ITIS"
"1447","Microtus","Microtus","Cricetidae","Muridae","ITIS"
"1446","Microtus","Microtus","Cricetidae","Muridae","ITIS"
"1445","Microtus","Microtus","Cricetidae","Muridae","ITIS"
"2621","Microtus","Microtus","Cricetidae","Muridae","ITIS"
"2622","Microtus","Microtus","Cricetidae","Muridae","ITIS"
"4013","Microtus","Microtus","Cricetidae","Muridae","ITIS"
"4015","Microtus","Microtus","Cricetidae","Muridae","ITIS"
"4016","Microtus","Microtus","Cricetidae","Muridae","ITIS"
"4026","Microtus","Microtus","Cricetidae","Muridae","ITIS"
"4019","Microtus","Microtus","Cricetidae","Muridae","ITIS"
"3763","Microtus","Microtus","Cricetidae","Muridae","ITIS"
"3773","Microtus","Microtus","Cricetidae","Muridae","ITIS"
"3772","Microtus","Microtus","Cricetidae","Muridae","ITIS"
"3771","Microtus","Microtus","Cricetidae","Muridae","ITIS"
"3770","Microtus","Microtus","Cricetidae","Muridae","ITIS"
"4023","Microtus","Microtus","Cricetidae","Muridae","ITIS"
"4024","Microtus","Microtus","Cricetidae","Muridae","ITIS"
"4027","Microtus","Microtus","Cricetidae","Muridae","ITIS"
"4028","Microtus","Microtus","Cricetidae","Muridae","ITIS"
"4029","Microtus","Microtus","Cricetidae","Muridae","ITIS"
"4017","Microtus","Microtus","Cricetidae","Muridae","ITIS"
"1390","Microtus","Microtus","Cricetidae","Muridae","ITIS"
"4038","Microtus","Microtus","Cricetidae","Muridae","ITIS"
"2909","Microtus","Microtus","Cricetidae","Muridae","ITIS"
"2901","Microtus","Microtus","Cricetidae","Muridae","ITIS"
"2894","Microtus","Microtus","Cricetidae","Muridae","ITIS"
"1379","Microtus","Microtus","Cricetidae","Muridae","ITIS"
"1395","Microtus","Microtus","Cricetidae","Muridae","ITIS"
"1394","Microtus","Microtus","Cricetidae","Muridae","ITIS"
"1393","Microtus","Microtus","Cricetidae","Muridae","ITIS"
"1392","Microtus","Microtus","Cricetidae","Muridae","ITIS"
"2891","Microtus","Microtus","Cricetidae","Muridae","ITIS"
"2893","Microtus","Microtus","Cricetidae","Muridae","ITIS"
"1423","Microtus","Microtus","Cricetidae","Muridae","ITIS"
"1389","Microtus","Microtus","Cricetidae","Muridae","ITIS"
"1388","Microtus","Microtus","Cricetidae","Muridae","ITIS"
"1387","Microtus","Microtus","Cricetidae","Muridae","ITIS"
"1386","Microtus","Microtus","Cricetidae","Muridae","ITIS"
"1385","Microtus","Microtus","Cricetidae","Muridae","ITIS"
"1384","Microtus","Microtus","Cricetidae","Muridae","ITIS"
"1383","Microtus","Microtus","Cricetidae","Muridae","ITIS"
"1382","Microtus","Microtus","Cricetidae","Muridae","ITIS"
"1381","Microtus","Microtus","Cricetidae","Muridae","ITIS"
"1380","Microtus","Microtus","Cricetidae","Muridae","ITIS"
"1391","Microtus","Microtus","Cricetidae","Muridae","ITIS"
"6001","Microtus","Microtus","Cricetidae","Muridae","ITIS"
"1444","Microtus","Microtus","Cricetidae","Muridae","ITIS"
"1111","Microtus","Microtus","Cricetidae","Muridae","ITIS"
"1113","Microtus","Microtus","Cricetidae","Muridae","ITIS"
"4035","Microtus","Microtus","Cricetidae","Muridae","ITIS"
"4036","Microtus","Microtus","Cricetidae","Muridae","ITIS"
"4039","Microtus","Microtus","Cricetidae","Muridae","ITIS"
"2892","Microtus","Microtus","Cricetidae","Muridae","ITIS"
"3742","Microtus","Microtus","Cricetidae","Muridae","ITIS"
"3741","Microtus","Microtus","Cricetidae","Muridae","ITIS"
"1377","Microtus","Microtus","Cricetidae","Muridae","ITIS"
"1435","Microtus","Microtus","Cricetidae","Muridae","ITIS"
"4031","Microtus","Microtus","Cricetidae","Muridae","ITIS"
"1434","Microtus","Microtus","Cricetidae","Muridae","ITIS"
"1450","Microtus","Microtus","Cricetidae","Muridae","ITIS"
"1433","Microtus","Microtus","Cricetidae","Muridae","ITIS"
"1432","Microtus","Microtus","Cricetidae","Muridae","ITIS"
"1431","Microtus","Microtus","Cricetidae","Muridae","ITIS"
"1430","Microtus","Microtus","Cricetidae","Muridae","ITIS"
"1429","Microtus","Microtus","Cricetidae","Muridae","ITIS"
"1428","Microtus","Microtus","Cricetidae","Muridae","ITIS"
"1427","Microtus","Microtus","Cricetidae","Muridae","ITIS"
"1424","Microtus","Microtus","Cricetidae","Muridae","ITIS"
"3740","Microtus","Microtus","Cricetidae","Muridae","ITIS"
"1707","Microtus","Microtus","Cricetidae","Muridae","ITIS"
"1723","Microtus","Microtus","Cricetidae","Muridae","ITIS"
"1711","Microtus","Microtus","Cricetidae","Muridae","ITIS"
"1724","Microtus","Microtus","Cricetidae","Muridae","ITIS"
"1725","Microtus","Microtus","Cricetidae","Muridae","ITIS"
"1710","Microtus","Microtus","Cricetidae","Muridae","ITIS"
"1709","Microtus","Microtus","Cricetidae","Muridae","ITIS"
"1491","Microtus","Microtus","Cricetidae","Muridae","ITIS"
"1489","Microtus","Microtus","Cricetidae","Muridae","ITIS"
"1483","Microtus","Microtus","Cricetidae","Muridae","ITIS"
"1708","Microtus","Microtus","Cricetidae","Muridae","ITIS"
"1714","Microtus","Microtus","Cricetidae","Muridae","ITIS"
"1706","Microtus","Microtus","Cricetidae","Muridae","ITIS"
"1488","Microtus","Microtus","Cricetidae","Muridae","ITIS"
"1487","Microtus","Microtus","Cricetidae","Muridae","ITIS"
"3850","Microtus","Microtus","Cricetidae","Muridae","ITIS"
"4009","Microtus","Microtus","Cricetidae","Muridae","ITIS"
"1486","Microtus","Microtus","Cricetidae","Muridae","ITIS"
"4008","Microtus","Microtus","Cricetidae","Muridae","ITIS"
"1484","Microtus","Microtus","Cricetidae","Muridae","ITIS"
"1726","Microtus","Microtus","Cricetidae","Muridae","ITIS"
"4011","Microtus","Microtus","Cricetidae","Muridae","ITIS"
"1549","Microtus","Microtus","Cricetidae","Muridae","ITIS"
"1548","Microtus","Microtus","Cricetidae","Muridae","ITIS"
"1452","Microtus","Microtus","Cricetidae","Muridae","ITIS"
"4010","Microtus","Microtus","Cricetidae","Muridae","ITIS"
"4007","Microtus","Microtus","Cricetidae","Muridae","ITIS"
"1720","Microtus","Microtus","Cricetidae","Muridae","ITIS"
"1719","Microtus","Microtus","Cricetidae","Muridae","ITIS"
"1718","Microtus","Microtus","Cricetidae","Muridae","ITIS"
"1712","Microtus","Microtus","Cricetidae","Muridae","ITIS"
"1541","Microtus","Microtus","Cricetidae","Muridae","ITIS"
"1713","Microtus","Microtus","Cricetidae","Muridae","ITIS"
"4012","Microtus","Microtus","Cricetidae","Muridae","ITIS"
"3895","Microtus","Microtus","Cricetidae","Muridae","ITIS"
"1540","Microtus","Microtus","Cricetidae","Muridae","ITIS"
"1717","Microtus","Microtus","Cricetidae","Muridae","ITIS"
"1721","Microtus","Microtus","Cricetidae","Muridae","ITIS"
"1716","Microtus","Microtus","Cricetidae","Muridae","ITIS"
"1715","Microtus","Microtus","Cricetidae","Muridae","ITIS"
"1722","Microtus","Microtus","Cricetidae","Muridae","ITIS"
"1485","Microtus","Microtus","Cricetidae","Muridae","ITIS"
"3894","Microtus","Microtus","Cricetidae","Muridae","ITIS"
"2110","Microtus","Microtus","Cricetidae","Muridae","ITIS"
"1704","Microtus","Microtus","Cricetidae","Muridae","ITIS"
"1461","Microtus","Microtus","Cricetidae","Muridae","ITIS"
"1705","Microtus","Microtus","Cricetidae","Muridae","ITIS"
"1460","Microtus","Microtus","Cricetidae","Muridae","ITIS"
"3922","Microtus","Microtus","Cricetidae","Muridae","ITIS"
"2111","Microtus","Microtus","Cricetidae","Muridae","ITIS"
"1459","Microtus","Microtus","Cricetidae","Muridae","ITIS"
"1468","Microtus","Microtus","Cricetidae","Muridae","ITIS"
"1457","Microtus","Microtus","Cricetidae","Muridae","ITIS"
"1467","Microtus","Microtus","Cricetidae","Muridae","ITIS"
"1456","Microtus","Microtus","Cricetidae","Muridae","ITIS"
"1455","Microtus","Microtus","Cricetidae","Muridae","ITIS"
"2618","Microtus","Microtus","Cricetidae","Muridae","ITIS"
"2911","Microtus","Microtus","Cricetidae","Muridae","ITIS"
"2889","Microtus","Microtus","Cricetidae","Muridae","ITIS"
"1454","Microtus","Microtus","Cricetidae","Muridae","ITIS"
"3917","Microtus","Microtus","Cricetidae","Muridae","ITIS"
"1453","Microtus","Microtus","Cricetidae","Muridae","ITIS"
"1458","Microtus","Microtus","Cricetidae","Muridae","ITIS"
"1702","Microtus","Microtus","Cricetidae","Muridae","ITIS"
"1482","Microtus","Microtus","Cricetidae","Muridae","ITIS"
"1480","Microtus","Microtus","Cricetidae","Muridae","ITIS"
"1479","Microtus","Microtus","Cricetidae","Muridae","ITIS"
"1478","Microtus","Microtus","Cricetidae","Muridae","ITIS"
"1727","Microtus","Microtus","Cricetidae","Muridae","ITIS"
"1743","Microtus","Microtus","Cricetidae","Muridae","ITIS"
"1703","Microtus","Microtus","Cricetidae","Muridae","ITIS"
"3923","Microtus","Microtus","Cricetidae","Muridae","ITIS"
"1476","Microtus","Microtus","Cricetidae","Muridae","ITIS"
"3926","Microtus","Microtus","Cricetidae","Muridae","ITIS"
"1475","Microtus","Microtus","Cricetidae","Muridae","ITIS"
"1469","Microtus","Microtus","Cricetidae","Muridae","ITIS"
"1474","Microtus","Microtus","Cricetidae","Muridae","ITIS"
"1473","Microtus","Microtus","Cricetidae","Muridae","ITIS"
"1477","Microtus","Microtus","Cricetidae","Muridae","ITIS"
"3781","MYOSPALAX","Myospalax","Spalacidae","Muridae","ITIS"
"5208","Neotoma","Neotoma","Cricetidae","Muridae","ITIS"
"3931","Neotoma","Neotoma","Cricetidae","Muridae","ITIS"
"3119","Neotoma","Neotoma","Cricetidae","Muridae","ITIS"
"3930","Neotoma","Neotoma","Cricetidae","Muridae","ITIS"
"3929","Neotoma","Neotoma","Cricetidae","Muridae","ITIS"
"1733","Neotoma","Neotoma","Cricetidae","Muridae","ITIS"
"5027","Neotoma","Neotoma","Cricetidae","Muridae","ITIS"
"1744","Neotoma","Neotoma","Cricetidae","Muridae","ITIS"
"1745","Neotoma","Neotoma","Cricetidae","Muridae","ITIS"
"1746","Neotoma","Neotoma","Cricetidae","Muridae","ITIS"
"3927","Neotoma","Neotoma","Cricetidae","Muridae","ITIS"
"3124","Neotoma","Neotoma","Cricetidae","Muridae","ITIS"
"3133","Neotoma","Neotoma","Cricetidae","Muridae","ITIS"
"3139","Neotoma","Neotoma","Cricetidae","Muridae","ITIS"
"1600","Neotoma","Neotoma","Cricetidae","Muridae","ITIS"
"3928","Neotoma","Neotoma","Cricetidae","Muridae","ITIS"
"3950","Neotoma","Neotoma","Cricetidae","Muridae","ITIS"
"5034","Neotoma","Neotoma","Cricetidae","Muridae","ITIS"
"6087","Neotoma","Neotoma","Cricetidae","Muridae","ITIS"
"5295","Neotoma","Neotoma","Cricetidae","Muridae","ITIS"
"3104","Neotoma","Neotoma","Cricetidae","Muridae","ITIS"
"5033","Neotoma","Neotoma","Cricetidae","Muridae","ITIS"
"4652","Neotoma","Neotoma","Cricetidae","Muridae","ITIS"
"6185","Neotoma","Neotoma","Cricetidae","Muridae","ITIS"
"4669","Neotoma","Neotoma","Cricetidae","Muridae","ITIS"
"5207","Neotoma","Neotoma","Cricetidae","Muridae","ITIS"
"3080","Neotoma","Neotoma","Cricetidae","Muridae","ITIS"
"1732","Neotoma","Neotoma","Cricetidae","Muridae","ITIS"
"3092","Neotoma","Neotoma","Cricetidae","Muridae","ITIS"
"5018","Neotoma","Neotoma","Cricetidae","Muridae","ITIS"
"5002","Neotoma","Neotoma","Cricetidae","Muridae","ITIS"
"6191","Neotoma","Neotoma","Cricetidae","Muridae","ITIS"
"4653","Neotoma","Neotoma","Cricetidae","Muridae","ITIS"
"3829","Neotoma","Neotoma","Cricetidae","Muridae","ITIS"
"4702","Neotoma","Neotoma","Cricetidae","Muridae","ITIS"
"1819","Neotoma","Neotoma","Cricetidae","Muridae","ITIS"
"1818","Neotoma","Neotoma","Cricetidae","Muridae","ITIS"
"1817","Neotoma","Neotoma","Cricetidae","Muridae","ITIS"
"6165","Neotoma","Neotoma","Cricetidae","Muridae","ITIS"
"6166","Neotoma","Neotoma","Cricetidae","Muridae","ITIS"
"1243","Neotoma","Neotoma","Cricetidae","Muridae","ITIS"
"3851","Neotoma","Neotoma","Cricetidae","Muridae","ITIS"
"5422","Neotoma","Neotoma","Cricetidae","Muridae","ITIS"
"1820","Neotoma","Neotoma","Cricetidae","Muridae","ITIS"
"3830","Neotoma","Neotoma","Cricetidae","Muridae","ITIS"
"1822","Neotoma","Neotoma","Cricetidae","Muridae","ITIS"
"3828","Neotoma","Neotoma","Cricetidae","Muridae","ITIS"
"3827","Neotoma","Neotoma","Cricetidae","Muridae","ITIS"
"3810","Neotoma","Neotoma","Cricetidae","Muridae","ITIS"
"3795","Neotoma","Neotoma","Cricetidae","Muridae","ITIS"
"5920","Neotoma","Neotoma","Cricetidae","Muridae","ITIS"
"4919","Neotoma","Neotoma","Cricetidae","Muridae","ITIS"
"3374","Neotoma","Neotoma","Cricetidae","Muridae","ITIS"
"4934","Neotoma","Neotoma","Cricetidae","Muridae","ITIS"
"5245","Neotoma","Neotoma","Cricetidae","Muridae","ITIS"
"3831","Neotoma","Neotoma","Cricetidae","Muridae","ITIS"
"3166","Neotoma","Neotoma","Cricetidae","Muridae","ITIS"
"5298","Neotoma","Neotoma","Cricetidae","Muridae","ITIS"
"3914","Neotoma","Neotoma","Cricetidae","Muridae","ITIS"
"4722","Neotoma","Neotoma","Cricetidae","Muridae","ITIS"
"3160","Neotoma","Neotoma","Cricetidae","Muridae","ITIS"
"1555","Neotoma","Neotoma","Cricetidae","Muridae","ITIS"
"1554","Neotoma","Neotoma","Cricetidae","Muridae","ITIS"
"4743","Neotoma","Neotoma","Cricetidae","Muridae","ITIS"
"3960","Neotoma","Neotoma","Cricetidae","Muridae","ITIS"
"3959","Neotoma","Neotoma","Cricetidae","Muridae","ITIS"
"5057","Neotoma","Neotoma","Cricetidae","Muridae","ITIS"
"3957","Neotoma","Neotoma","Cricetidae","Muridae","ITIS"
"4706","Neotoma","Neotoma","Cricetidae","Muridae","ITIS"
"4755","Neotoma","Neotoma","Cricetidae","Muridae","ITIS"
"4775","Neotoma","Neotoma","Cricetidae","Muridae","ITIS"
"4803","Neotoma","Neotoma","Cricetidae","Muridae","ITIS"
"4828","Neotoma","Neotoma","Cricetidae","Muridae","ITIS"
"5132","Neotoma","Neotoma","Cricetidae","Muridae","ITIS"
"6152","Neotoma","Neotoma","Cricetidae","Muridae","ITIS"
"4891","Neotoma","Neotoma","Cricetidae","Muridae","ITIS"
"1826","Neotoma","Neotoma","Cricetidae","Muridae","ITIS"
"1825","Neotoma","Neotoma","Cricetidae","Muridae","ITIS"
"3958","Neotoma","Neotoma","Cricetidae","Muridae","ITIS"
"5402","Neotoma","Neotoma","Cricetidae","Muridae","ITIS"
"2526","Neotoma","Neotoma","Cricetidae","Muridae","ITIS"
"2537","Neotoma","Neotoma","Cricetidae","Muridae","ITIS"
"2542","Neotoma","Neotoma","Cricetidae","Muridae","ITIS"
"5397","Neotoma","Neotoma","Cricetidae","Muridae","ITIS"
"2552","Neotoma","Neotoma","Cricetidae","Muridae","ITIS"
"2556","Neotoma","Neotoma","Cricetidae","Muridae","ITIS"
"5398","Neotoma","Neotoma","Cricetidae","Muridae","ITIS"
"5399","Neotoma","Neotoma","Cricetidae","Muridae","ITIS"
"3061","Neotoma","Neotoma","Cricetidae","Muridae","ITIS"
"5401","Neotoma","Neotoma","Cricetidae","Muridae","ITIS"
"2464","Neotoma","Neotoma","Cricetidae","Muridae","ITIS"
"4189","Neotoma","Neotoma","Cricetidae","Muridae","ITIS"
"2589","Neotoma","Neotoma","Cricetidae","Muridae","ITIS"
"4169","Neotoma","Neotoma","Cricetidae","Muridae","ITIS"
"2613","Neotoma","Neotoma","Cricetidae","Muridae","ITIS"
"4160","Neotoma","Neotoma","Cricetidae","Muridae","ITIS"
"2634","Neotoma","Neotoma","Cricetidae","Muridae","ITIS"
"4154","Neotoma","Neotoma","Cricetidae","Muridae","ITIS"
"4153","Neotoma","Neotoma","Cricetidae","Muridae","ITIS"
"5400","Neotoma","Neotoma","Cricetidae","Muridae","ITIS"
"2490","Neotoma","Neotoma","Cricetidae","Muridae","ITIS"
"2377","Neotoma","Neotoma","Cricetidae","Muridae","ITIS"
"5356","Neotoma","Neotoma","Cricetidae","Muridae","ITIS"
"5373","Neotoma","Neotoma","Cricetidae","Muridae","ITIS"
"2213","Neotoma","Neotoma","Cricetidae","Muridae","ITIS"
"2212","Neotoma","Neotoma","Cricetidae","Muridae","ITIS"
"2207","Neotoma","Neotoma","Cricetidae","Muridae","ITIS"
"2206","Neotoma","Neotoma","Cricetidae","Muridae","ITIS"
"5383","Neotoma","Neotoma","Cricetidae","Muridae","ITIS"
"2480","Neotoma","Neotoma","Cricetidae","Muridae","ITIS"
"5385","Neotoma","Neotoma","Cricetidae","Muridae","ITIS"
"4223","Neotoma","Neotoma","Cricetidae","Muridae","ITIS"
"6027","Neotoma","Neotoma","Cricetidae","Muridae","ITIS"
"2181","Neotoma","Neotoma","Cricetidae","Muridae","ITIS"
"2180","Neotoma","Neotoma","Cricetidae","Muridae","ITIS"
"5386","Neotoma","Neotoma","Cricetidae","Muridae","ITIS"
"5387","Neotoma","Neotoma","Cricetidae","Muridae","ITIS"
"4251","Neotoma","Neotoma","Cricetidae","Muridae","ITIS"
"5388","Neotoma","Neotoma","Cricetidae","Muridae","ITIS"
"5972","Neotoma","Neotoma","Cricetidae","Muridae","ITIS"
"2715","Neotoma","Neotoma","Cricetidae","Muridae","ITIS"
"5384","Neotoma","Neotoma","Cricetidae","Muridae","ITIS"
"1785","Neotoma","Neotoma","Cricetidae","Muridae","ITIS"
"5815","Neotoma","Neotoma","Cricetidae","Muridae","ITIS"
"2989","Neotoma","Neotoma","Cricetidae","Muridae","ITIS"
"1792","Neotoma","Neotoma","Cricetidae","Muridae","ITIS"
"1791","Neotoma","Neotoma","Cricetidae","Muridae","ITIS"
"1790","Neotoma","Neotoma","Cricetidae","Muridae","ITIS"
"1789","Neotoma","Neotoma","Cricetidae","Muridae","ITIS"
"1788","Neotoma","Neotoma","Cricetidae","Muridae","ITIS"
"1787","Neotoma","Neotoma","Cricetidae","Muridae","ITIS"
"1827","Neotoma","Neotoma","Cricetidae","Muridae","ITIS"
"3004","Neotoma","Neotoma","Cricetidae","Muridae","ITIS"
"1828","Neotoma","Neotoma","Cricetidae","Muridae","ITIS"
"1784","Neotoma","Neotoma","Cricetidae","Muridae","ITIS"
"1783","Neotoma","Neotoma","Cricetidae","Muridae","ITIS"
"1781","Neotoma","Neotoma","Cricetidae","Muridae","ITIS"
"3039","Neotoma","Neotoma","Cricetidae","Muridae","ITIS"
"3040","Neotoma","Neotoma","Cricetidae","Muridae","ITIS"
"1839","Neotoma","Neotoma","Cricetidae","Muridae","ITIS"
"3057","Neotoma","Neotoma","Cricetidae","Muridae","ITIS"
"5921","Neotoma","Neotoma","Cricetidae","Muridae","ITIS"
"3064","Neotoma","Neotoma","Cricetidae","Muridae","ITIS"
"1786","Neotoma","Neotoma","Cricetidae","Muridae","ITIS"
"1910","Neotoma","Neotoma","Cricetidae","Muridae","ITIS"
"3013","Neotoma","Neotoma","Cricetidae","Muridae","ITIS"
"2750","Neotoma","Neotoma","Cricetidae","Muridae","ITIS"
"2758","Neotoma","Neotoma","Cricetidae","Muridae","ITIS"
"2776","Neotoma","Neotoma","Cricetidae","Muridae","ITIS"
"2786","Neotoma","Neotoma","Cricetidae","Muridae","ITIS"
"614","Neotoma","Neotoma","Cricetidae","Muridae","ITIS"
"2822","Neotoma","Neotoma","Cricetidae","Muridae","ITIS"
"4481","Neotoma","Neotoma","Cricetidae","Muridae","ITIS"
"1806","Neotoma","Neotoma","Cricetidae","Muridae","ITIS"
"2839","Neotoma","Neotoma","Cricetidae","Muridae","ITIS"
"2701","Neotoma","Neotoma","Cricetidae","Muridae","ITIS"
"2862","Neotoma","Neotoma","Cricetidae","Muridae","ITIS"
"5325","Neotoma","Neotoma","Cricetidae","Muridae","ITIS"
"4506","Neotoma","Neotoma","Cricetidae","Muridae","ITIS"
"1885","Neotoma","Neotoma","Cricetidae","Muridae","ITIS"
"1874","Neotoma","Neotoma","Cricetidae","Muridae","ITIS"
"1873","Neotoma","Neotoma","Cricetidae","Muridae","ITIS"
"2968","Neotoma","Neotoma","Cricetidae","Muridae","ITIS"
"1838","Neotoma","Neotoma","Cricetidae","Muridae","ITIS"
"1829","Neotoma","Neotoma","Cricetidae","Muridae","ITIS"
"2827","Neotoma","Neotoma","Cricetidae","Muridae","ITIS"
"4955","Neotoma","Neotoma","Cricetidae","Muridae","ITIS"
"3696","Neotoma","Neotoma","Cricetidae","Muridae","ITIS"
"3567","Neotoma","Neotoma","Cricetidae","Muridae","ITIS"
"3599","Neotoma","Neotoma","Cricetidae","Muridae","ITIS"
"30","Neotoma","Neotoma","Cricetidae","Muridae","ITIS"
"4947","Neotoma","Neotoma","Cricetidae","Muridae","ITIS"
"5148","Neotoma","Neotoma","Cricetidae","Muridae","ITIS"
"31","Neotoma","Neotoma","Cricetidae","Muridae","ITIS"
"32","Neotoma","Neotoma","Cricetidae","Muridae","ITIS"
"29","Neotoma","Neotoma","Cricetidae","Muridae","ITIS"
"4954","Neotoma","Neotoma","Cricetidae","Muridae","ITIS"
"3555","Neotoma","Neotoma","Cricetidae","Muridae","ITIS"
"5236","Neotoma","Neotoma","Cricetidae","Muridae","ITIS"
"3578","Neotoma","Neotoma","Cricetidae","Muridae","ITIS"
"4987","Neotoma","Neotoma","Cricetidae","Muridae","ITIS"
"5474","Neotoma","Neotoma","Cricetidae","Muridae","ITIS"
"3663","Neotoma","Neotoma","Cricetidae","Muridae","ITIS"
"3585","Neotoma","Neotoma","Cricetidae","Muridae","ITIS"
"3723","Neotoma","Neotoma","Cricetidae","Muridae","ITIS"
"3464","Neotoma","Neotoma","Cricetidae","Muridae","ITIS"
"3508","Neotoma","Neotoma","Cricetidae","Muridae","ITIS"
"1006","Neotoma","Neotoma","Cricetidae","Muridae","ITIS"
"3554","Neotoma","Neotoma","Cricetidae","Muridae","ITIS"
"3586","Neotoma","Neotoma","Cricetidae","Muridae","ITIS"
"3566","Neotoma","Neotoma","Cricetidae","Muridae","ITIS"
"4979","Neotoma","Neotoma","Cricetidae","Muridae","ITIS"
"5308","Ondatra","Ondatra","Cricetidae","Muridae","ITIS"
"6204","Ondatra","Ondatra","Cricetidae","Muridae","ITIS"
"1121","Ondatra","Ondatra","Cricetidae","Muridae","ITIS"
"1099","Ondatra","Ondatra","Cricetidae","Muridae","ITIS"
"1401","Onychomys","Onychomys","Cricetidae","Muridae","ITIS"
"4932","Onychomys","Onychomys","Cricetidae","Muridae","ITIS"
"2278","Onychomys","Onychomys","Cricetidae","Muridae","ITIS"
"4933","Onychomys","Onychomys","Cricetidae","Muridae","ITIS"
"2275","Onychomys","Onychomys","Cricetidae","Muridae","ITIS"
"1902","Onychomys","Onychomys","Cricetidae","Muridae","ITIS"
"2274","Onychomys","Onychomys","Cricetidae","Muridae","ITIS"
"2309","Onychomys","Onychomys","Cricetidae","Muridae","ITIS"
"2308","Onychomys","Onychomys","Cricetidae","Muridae","ITIS"
"5135","Onychomys","Onychomys","Cricetidae","Muridae","ITIS"
"1599","Onychomys","Onychomys","Cricetidae","Muridae","ITIS"
"5136","Onychomys","Onychomys","Cricetidae","Muridae","ITIS"
"1245","Onychomys","Onychomys","Cricetidae","Muridae","ITIS"
"4867","Onychomys","Onychomys","Cricetidae","Muridae","ITIS"
"4868","Onychomys","Onychomys","Cricetidae","Muridae","ITIS"
"4869","Onychomys","Onychomys","Cricetidae","Muridae","ITIS"
"6147","Onychomys","Onychomys","Cricetidae","Muridae","ITIS"
"4406","Onychomys","Onychomys","Cricetidae","Muridae","ITIS"
"6148","Onychomys","Onychomys","Cricetidae","Muridae","ITIS"
"5324","Onychomys","Onychomys","Cricetidae","Muridae","ITIS"
"2293","Onychomys","Onychomys","Cricetidae","Muridae","ITIS"
"1880","Onychomys","Onychomys","Cricetidae","Muridae","ITIS"
"4745","Onychomys","Onychomys","Cricetidae","Muridae","ITIS"
"1119","Onychomys","Onychomys","Cricetidae","Muridae","ITIS"
"1807","Onychomys","Onychomys","Cricetidae","Muridae","ITIS"
"4629","Onychomys","Onychomys","Cricetidae","Muridae","ITIS"
"5182","Onychomys","Onychomys","Cricetidae","Muridae","ITIS"
"4594","Onychomys","Onychomys","Cricetidae","Muridae","ITIS"
"4796","Onychomys","Onychomys","Cricetidae","Muridae","ITIS"
"2244","Onychomys","Onychomys","Cricetidae","Muridae","ITIS"
"1556","Onychomys","Onychomys","Cricetidae","Muridae","ITIS"
"4834","Onychomys","Onychomys","Cricetidae","Muridae","ITIS"
"1909","Onychomys","Onychomys","Cricetidae","Muridae","ITIS"
"4543","Onychomys","Onychomys","Cricetidae","Muridae","ITIS"
"4508","Onychomys","Onychomys","Cricetidae","Muridae","ITIS"
"4819","Onychomys","Onychomys","Cricetidae","Muridae","ITIS"
"1871","Onychomys","Onychomys","Cricetidae","Muridae","ITIS"
"2324","Onychomys","Onychomys","Cricetidae","Muridae","ITIS"
"1442","Onychomys","Onychomys","Cricetidae","Muridae","ITIS"
"4829","Onychomys","Onychomys","Cricetidae","Muridae","ITIS"
"4797","Onychomys","Onychomys","Cricetidae","Muridae","ITIS"
"5772","Onychomys","Onychomys","Cricetidae","Muridae","ITIS"
"5355","Onychomys","Onychomys","Cricetidae","Muridae","ITIS"
"5497","Onychomys","Onychomys","Cricetidae","Muridae","ITIS"
"4236","Onychomys","Onychomys","Cricetidae","Muridae","ITIS"
"4232","Onychomys","Onychomys","Cricetidae","Muridae","ITIS"
"5560","Onychomys","Onychomys","Cricetidae","Muridae","ITIS"
"3506","Onychomys","Onychomys","Cricetidae","Muridae","ITIS"
"4759","Onychomys","Onychomys","Cricetidae","Muridae","ITIS"
"3789","Onychomys","Onychomys","Cricetidae","Muridae","ITIS"
"4177","Onychomys","Onychomys","Cricetidae","Muridae","ITIS"
"3888","Onychomys","Onychomys","Cricetidae","Muridae","ITIS"
"5881","Onychomys","Onychomys","Cricetidae","Muridae","ITIS"
"5498","Onychomys","Onychomys","Cricetidae","Muridae","ITIS"
"5773","Onychomys","Onychomys","Cricetidae","Muridae","ITIS"
"3322","Onychomys","Onychomys","Cricetidae","Muridae","ITIS"
"3703","Onychomys","Onychomys","Cricetidae","Muridae","ITIS"
"2349","Onychomys","Onychomys","Cricetidae","Muridae","ITIS"
"2277","Onychomys","Onychomys","Cricetidae","Muridae","ITIS"
"4168","Onychomys","Onychomys","Cricetidae","Muridae","ITIS"
"3961","Onychomys","Onychomys","Cricetidae","Muridae","ITIS"
"5778","Onychomys","Onychomys","Cricetidae","Muridae","ITIS"
"4163","Onychomys","Onychomys","Cricetidae","Muridae","ITIS"
"2729","Onychomys","Onychomys","Cricetidae","Muridae","ITIS"
"3788","Onychomys","Onychomys","Cricetidae","Muridae","ITIS"
"3362","Onychomys","Onychomys","Cricetidae","Muridae","ITIS"
"4258","Onychomys","Onychomys","Cricetidae","Muridae","ITIS"
"4259","Onychomys","Onychomys","Cricetidae","Muridae","ITIS"
"4212","Onychomys","Onychomys","Cricetidae","Muridae","ITIS"
"5715","Onychomys","Onychomys","Cricetidae","Muridae","ITIS"
"2551","Onychomys","Onychomys","Cricetidae","Muridae","ITIS"
"3666","Onychomys","Onychomys","Cricetidae","Muridae","ITIS"
"2553","Onychomys","Onychomys","Cricetidae","Muridae","ITIS"
"4300","Onychomys","Onychomys","Cricetidae","Muridae","ITIS"
"3364","Onychomys","Onychomys","Cricetidae","Muridae","ITIS"
"5517","Onychomys","Onychomys","Cricetidae","Muridae","ITIS"
"3363","Onychomys","Onychomys","Cricetidae","Muridae","ITIS"
"3518","Onychomys","Onychomys","Cricetidae","Muridae","ITIS"
"3361","Onychomys","Onychomys","Cricetidae","Muridae","ITIS"
"3360","Onychomys","Onychomys","Cricetidae","Muridae","ITIS"
"3359","Onychomys","Onychomys","Cricetidae","Muridae","ITIS"
"3819","Onychomys","Onychomys","Cricetidae","Muridae","ITIS"
"3820","Onychomys","Onychomys","Cricetidae","Muridae","ITIS"
"5508","Onychomys","Onychomys","Cricetidae","Muridae","ITIS"
"3649","Onychomys","Onychomys","Cricetidae","Muridae","ITIS"
"3821","Onychomys","Onychomys","Cricetidae","Muridae","ITIS"
"3886","Onychomys","Onychomys","Cricetidae","Muridae","ITIS"
"3887","Onychomys","Onychomys","Cricetidae","Muridae","ITIS"
"5477","Onychomys","Onychomys","Cricetidae","Muridae","ITIS"
"5146","Onychomys","Onychomys","Cricetidae","Muridae","ITIS"
"4395","Onychomys","Onychomys","Cricetidae","Muridae","ITIS"
"3634","Onychomys","Onychomys","Cricetidae","Muridae","ITIS"
"2681","Onychomys","Onychomys","Cricetidae","Muridae","ITIS"
"5391","Onychomys","Onychomys","Cricetidae","Muridae","ITIS"
"28","Onychomys","Onychomys","Cricetidae","Muridae","ITIS"
"2688","Onychomys","Onychomys","Cricetidae","Muridae","ITIS"
"3613","Onychomys","Onychomys","Cricetidae","Muridae","ITIS"
"4394","Onychomys","Onychomys","Cricetidae","Muridae","ITIS"
"3608","Onychomys","Onychomys","Cricetidae","Muridae","ITIS"
"2474","Onychomys","Onychomys","Cricetidae","Muridae","ITIS"
"2692","Onychomys","Onychomys","Cricetidae","Muridae","ITIS"
"3912","Onychomys","Onychomys","Cricetidae","Muridae","ITIS"
"2475","Onychomys","Onychomys","Cricetidae","Muridae","ITIS"
"2476","Onychomys","Onychomys","Cricetidae","Muridae","ITIS"
"5725","Onychomys","Onychomys","Cricetidae","Muridae","ITIS"
"5800","Onychomys","Onychomys","Cricetidae","Muridae","ITIS"
"5732","Onychomys","Onychomys","Cricetidae","Muridae","ITIS"
"3147","Onychomys","Onychomys","Cricetidae","Muridae","ITIS"
"5799","Onychomys","Onychomys","Cricetidae","Muridae","ITIS"
"3643","Onychomys","Onychomys","Cricetidae","Muridae","ITIS"
"3552","Onychomys","Onychomys","Cricetidae","Muridae","ITIS"
"3553","Onychomys","Onychomys","Cricetidae","Muridae","ITIS"
"2728","Onychomys","Onychomys","Cricetidae","Muridae","ITIS"
"4159","Onychomys","Onychomys","Cricetidae","Muridae","ITIS"
"5145","Onychomys","Onychomys","Cricetidae","Muridae","ITIS"
"5787","Onychomys","Onychomys","Cricetidae","Muridae","ITIS"
"4393","Onychomys","Onychomys","Cricetidae","Muridae","ITIS"
"5788","Onychomys","Onychomys","Cricetidae","Muridae","ITIS"
"5789","Onychomys","Onychomys","Cricetidae","Muridae","ITIS"
"3115","Onychomys","Onychomys","Cricetidae","Muridae","ITIS"
"5967","Onychomys","Onychomys","Cricetidae","Muridae","ITIS"
"4861","Oryzomys","Oryzomys","Cricetidae","Muridae","ITIS"
"2742","Oryzomys","Oryzomys","Cricetidae","Muridae","ITIS"
"4997","Oryzomys","Oryzomys","Cricetidae","Muridae","ITIS"
"4853","Oryzomys","Oryzomys","Cricetidae","Muridae","ITIS"
"4854","Oryzomys","Oryzomys","Cricetidae","Muridae","ITIS"
"4855","Oryzomys","Oryzomys","Cricetidae","Muridae","ITIS"
"4787","Oryzomys","Oryzomys","Cricetidae","Muridae","ITIS"
"4780","Oryzomys","Oryzomys","Cricetidae","Muridae","ITIS"
"1507","Peromyscus","Peromyscus","Cricetidae","Muridae","ITIS"
"1504","Peromyscus","Peromyscus","Cricetidae","Muridae","ITIS"
"1509","Peromyscus","Peromyscus","Cricetidae","Muridae","ITIS"
"3908","Peromyscus","Peromyscus","Cricetidae","Muridae","ITIS"
"1505","Peromyscus","Peromyscus","Cricetidae","Muridae","ITIS"
"1514","Peromyscus","Peromyscus","Cricetidae","Muridae","ITIS"
"1513","Peromyscus","Peromyscus","Cricetidae","Muridae","ITIS"
"1506","Peromyscus","Peromyscus","Cricetidae","Muridae","ITIS"
"1508","Peromyscus","Peromyscus","Cricetidae","Muridae","ITIS"
"3513","Peromyscus","Peromyscus","Cricetidae","Muridae","ITIS"
"3169","Peromyscus","Peromyscus","Cricetidae","Muridae","ITIS"
"1495","Peromyscus","Peromyscus","Cricetidae","Muridae","ITIS"
"4764","Peromyscus","Peromyscus","Cricetidae","Muridae","ITIS"
"3514","Peromyscus","Peromyscus","Cricetidae","Muridae","ITIS"
"4765","Peromyscus","Peromyscus","Cricetidae","Muridae","ITIS"
"1503","Peromyscus","Peromyscus","Cricetidae","Muridae","ITIS"
"4763","Peromyscus","Peromyscus","Cricetidae","Muridae","ITIS"
"1512","Peromyscus","Peromyscus","Cricetidae","Muridae","ITIS"
"4753","Peromyscus","Peromyscus","Cricetidae","Muridae","ITIS"
"1500","Peromyscus","Peromyscus","Cricetidae","Muridae","ITIS"
"1501","Peromyscus","Peromyscus","Cricetidae","Muridae","ITIS"
"3168","Peromyscus","Peromyscus","Cricetidae","Muridae","ITIS"
"1502","Peromyscus","Peromyscus","Cricetidae","Muridae","ITIS"
"1081","Peromyscus","Peromyscus","Cricetidae","Muridae","ITIS"
"1490","Peromyscus","Peromyscus","Cricetidae","Muridae","ITIS"
"4809","Peromyscus","Peromyscus","Cricetidae","Muridae","ITIS"
"3487","Peromyscus","Peromyscus","Cricetidae","Muridae","ITIS"
"3485","Peromyscus","Peromyscus","Cricetidae","Muridae","ITIS"
"5150","Peromyscus","Peromyscus","Cricetidae","Muridae","ITIS"
"3647","Peromyscus","Peromyscus","Cricetidae","Muridae","ITIS"
"3648","Peromyscus","Peromyscus","Cricetidae","Muridae","ITIS"
"1471","Peromyscus","Peromyscus","Cricetidae","Muridae","ITIS"
"1470","Peromyscus","Peromyscus","Cricetidae","Muridae","ITIS"
"3477","Peromyscus","Peromyscus","Cricetidae","Muridae","ITIS"
"4805","Peromyscus","Peromyscus","Cricetidae","Muridae","ITIS"
"3486","Peromyscus","Peromyscus","Cricetidae","Muridae","ITIS"
"3476","Peromyscus","Peromyscus","Cricetidae","Muridae","ITIS"
"4804","Peromyscus","Peromyscus","Cricetidae","Muridae","ITIS"
"1466","Peromyscus","Peromyscus","Cricetidae","Muridae","ITIS"
"1465","Peromyscus","Peromyscus","Cricetidae","Muridae","ITIS"
"1464","Peromyscus","Peromyscus","Cricetidae","Muridae","ITIS"
"3475","Peromyscus","Peromyscus","Cricetidae","Muridae","ITIS"
"3474","Peromyscus","Peromyscus","Cricetidae","Muridae","ITIS"
"4813","Peromyscus","Peromyscus","Cricetidae","Muridae","ITIS"
"4814","Peromyscus","Peromyscus","Cricetidae","Muridae","ITIS"
"4815","Peromyscus","Peromyscus","Cricetidae","Muridae","ITIS"
"4816","Peromyscus","Peromyscus","Cricetidae","Muridae","ITIS"
"4808","Peromyscus","Peromyscus","Cricetidae","Muridae","ITIS"
"1481","Peromyscus","Peromyscus","Cricetidae","Muridae","ITIS"
"3511","Peromyscus","Peromyscus","Cricetidae","Muridae","ITIS"
"4766","Peromyscus","Peromyscus","Cricetidae","Muridae","ITIS"
"4773","Peromyscus","Peromyscus","Cricetidae","Muridae","ITIS"
"4774","Peromyscus","Peromyscus","Cricetidae","Muridae","ITIS"
"5444","Peromyscus","Peromyscus","Cricetidae","Muridae","ITIS"
"3507","Peromyscus","Peromyscus","Cricetidae","Muridae","ITIS"
"4777","Peromyscus","Peromyscus","Cricetidae","Muridae","ITIS"
"3688","Peromyscus","Peromyscus","Cricetidae","Muridae","ITIS"
"3689","Peromyscus","Peromyscus","Cricetidae","Muridae","ITIS"
"1472","Peromyscus","Peromyscus","Cricetidae","Muridae","ITIS"
"3697","Peromyscus","Peromyscus","Cricetidae","Muridae","ITIS"
"3512","Peromyscus","Peromyscus","Cricetidae","Muridae","ITIS"
"4790","Peromyscus","Peromyscus","Cricetidae","Muridae","ITIS"
"4791","Peromyscus","Peromyscus","Cricetidae","Muridae","ITIS"
"3698","Peromyscus","Peromyscus","Cricetidae","Muridae","ITIS"
"3701","Peromyscus","Peromyscus","Cricetidae","Muridae","ITIS"
"4792","Peromyscus","Peromyscus","Cricetidae","Muridae","ITIS"
"3173","Peromyscus","Peromyscus","Cricetidae","Muridae","ITIS"
"3702","Peromyscus","Peromyscus","Cricetidae","Muridae","ITIS"
"4801","Peromyscus","Peromyscus","Cricetidae","Muridae","ITIS"
"3909","Peromyscus","Peromyscus","Cricetidae","Muridae","ITIS"
"3690","Peromyscus","Peromyscus","Cricetidae","Muridae","ITIS"
"3572","Peromyscus","Peromyscus","Cricetidae","Muridae","ITIS"
"3636","Peromyscus","Peromyscus","Cricetidae","Muridae","ITIS"
"194","Peromyscus","Peromyscus","Cricetidae","Muridae","ITIS"
"3587","Peromyscus","Peromyscus","Cricetidae","Muridae","ITIS"
"3603","Peromyscus","Peromyscus","Cricetidae","Muridae","ITIS"
"6209","Peromyscus","Peromyscus","Cricetidae","Muridae","ITIS"
"4723","Peromyscus","Peromyscus","Cricetidae","Muridae","ITIS"
"4724","Peromyscus","Peromyscus","Cricetidae","Muridae","ITIS"
"3911","Peromyscus","Peromyscus","Cricetidae","Muridae","ITIS"
"3589","Peromyscus","Peromyscus","Cricetidae","Muridae","ITIS"
"3633","Peromyscus","Peromyscus","Cricetidae","Muridae","ITIS"
"3590","Peromyscus","Peromyscus","Cricetidae","Muridae","ITIS"
"3571","Peromyscus","Peromyscus","Cricetidae","Muridae","ITIS"
"3570","Peromyscus","Peromyscus","Cricetidae","Muridae","ITIS"
"3569","Peromyscus","Peromyscus","Cricetidae","Muridae","ITIS"
"4727","Peromyscus","Peromyscus","Cricetidae","Muridae","ITIS"
"3568","Peromyscus","Peromyscus","Cricetidae","Muridae","ITIS"
"4734","Peromyscus","Peromyscus","Cricetidae","Muridae","ITIS"
"3635","Peromyscus","Peromyscus","Cricetidae","Muridae","ITIS"
"3551","Peromyscus","Peromyscus","Cricetidae","Muridae","ITIS"
"1567","Peromyscus","Peromyscus","Cricetidae","Muridae","ITIS"
"5054","Peromyscus","Peromyscus","Cricetidae","Muridae","ITIS"
"3601","Peromyscus","Peromyscus","Cricetidae","Muridae","ITIS"
"3600","Peromyscus","Peromyscus","Cricetidae","Muridae","ITIS"
"3598","Peromyscus","Peromyscus","Cricetidae","Muridae","ITIS"
"3597","Peromyscus","Peromyscus","Cricetidae","Muridae","ITIS"
"3596","Peromyscus","Peromyscus","Cricetidae","Muridae","ITIS"
"4692","Peromyscus","Peromyscus","Cricetidae","Muridae","ITIS"
"4693","Peromyscus","Peromyscus","Cricetidae","Muridae","ITIS"
"4694","Peromyscus","Peromyscus","Cricetidae","Muridae","ITIS"
"3588","Peromyscus","Peromyscus","Cricetidae","Muridae","ITIS"
"4701","Peromyscus","Peromyscus","Cricetidae","Muridae","ITIS"
"6139","Peromyscus","Peromyscus","Cricetidae","Muridae","ITIS"
"3595","Peromyscus","Peromyscus","Cricetidae","Muridae","ITIS"
"3594","Peromyscus","Peromyscus","Cricetidae","Muridae","ITIS"
"3593","Peromyscus","Peromyscus","Cricetidae","Muridae","ITIS"
"195","Peromyscus","Peromyscus","Cricetidae","Muridae","ITIS"
"5878","Peromyscus","Peromyscus","Cricetidae","Muridae","ITIS"
"3592","Peromyscus","Peromyscus","Cricetidae","Muridae","ITIS"
"4712","Peromyscus","Peromyscus","Cricetidae","Muridae","ITIS"
"3591","Peromyscus","Peromyscus","Cricetidae","Muridae","ITIS"
"5053","Peromyscus","Peromyscus","Cricetidae","Muridae","ITIS"
"3517","Peromyscus","Peromyscus","Cricetidae","Muridae","ITIS"
"4735","Peromyscus","Peromyscus","Cricetidae","Muridae","ITIS"
"1534","Peromyscus","Peromyscus","Cricetidae","Muridae","ITIS"
"1533","Peromyscus","Peromyscus","Cricetidae","Muridae","ITIS"
"1532","Peromyscus","Peromyscus","Cricetidae","Muridae","ITIS"
"1531","Peromyscus","Peromyscus","Cricetidae","Muridae","ITIS"
"1530","Peromyscus","Peromyscus","Cricetidae","Muridae","ITIS"
"1529","Peromyscus","Peromyscus","Cricetidae","Muridae","ITIS"
"1528","Peromyscus","Peromyscus","Cricetidae","Muridae","ITIS"
"1536","Peromyscus","Peromyscus","Cricetidae","Muridae","ITIS"
"1527","Peromyscus","Peromyscus","Cricetidae","Muridae","ITIS"
"1078","Peromyscus","Peromyscus","Cricetidae","Muridae","ITIS"
"3519","Peromyscus","Peromyscus","Cricetidae","Muridae","ITIS"
"1080","Peromyscus","Peromyscus","Cricetidae","Muridae","ITIS"
"3520","Peromyscus","Peromyscus","Cricetidae","Muridae","ITIS"
"3521","Peromyscus","Peromyscus","Cricetidae","Muridae","ITIS"
"4752","Peromyscus","Peromyscus","Cricetidae","Muridae","ITIS"
"3522","Peromyscus","Peromyscus","Cricetidae","Muridae","ITIS"
"3523","Peromyscus","Peromyscus","Cricetidae","Muridae","ITIS"
"3524","Peromyscus","Peromyscus","Cricetidae","Muridae","ITIS"
"1079","Peromyscus","Peromyscus","Cricetidae","Muridae","ITIS"
"4817","Peromyscus","Peromyscus","Cricetidae","Muridae","ITIS"
"4736","Peromyscus","Peromyscus","Cricetidae","Muridae","ITIS"
"3642","Peromyscus","Peromyscus","Cricetidae","Muridae","ITIS"
"6140","Peromyscus","Peromyscus","Cricetidae","Muridae","ITIS"
"1551","Peromyscus","Peromyscus","Cricetidae","Muridae","ITIS"
"1550","Peromyscus","Peromyscus","Cricetidae","Muridae","ITIS"
"4737","Peromyscus","Peromyscus","Cricetidae","Muridae","ITIS"
"4738","Peromyscus","Peromyscus","Cricetidae","Muridae","ITIS"
"3676","Peromyscus","Peromyscus","Cricetidae","Muridae","ITIS"
"1535","Peromyscus","Peromyscus","Cricetidae","Muridae","ITIS"
"3677","Peromyscus","Peromyscus","Cricetidae","Muridae","ITIS"
"3910","Peromyscus","Peromyscus","Cricetidae","Muridae","ITIS"
"3550","Peromyscus","Peromyscus","Cricetidae","Muridae","ITIS"
"5149","Peromyscus","Peromyscus","Cricetidae","Muridae","ITIS"
"3515","Peromyscus","Peromyscus","Cricetidae","Muridae","ITIS"
"1539","Peromyscus","Peromyscus","Cricetidae","Muridae","ITIS"
"5445","Peromyscus","Peromyscus","Cricetidae","Muridae","ITIS"
"1538","Peromyscus","Peromyscus","Cricetidae","Muridae","ITIS"
"1537","Peromyscus","Peromyscus","Cricetidae","Muridae","ITIS"
"3542","Peromyscus","Peromyscus","Cricetidae","Muridae","ITIS"
"1422","Peromyscus","Peromyscus","Cricetidae","Muridae","ITIS"
"4951","Peromyscus","Peromyscus","Cricetidae","Muridae","ITIS"
"6143","Peromyscus","Peromyscus","Cricetidae","Muridae","ITIS"
"6160","Peromyscus","Peromyscus","Heteromyidae","Muridae","ITIS"
"3717","Peromyscus","Peromyscus","Cricetidae","Muridae","ITIS"
"18","Peromyscus","Peromyscus","Cricetidae","Muridae","ITIS"
"3444","Peromyscus","Peromyscus","Cricetidae","Muridae","ITIS"
"3443","Peromyscus","Peromyscus","Cricetidae","Muridae","ITIS"
"4952","Peromyscus","Peromyscus","Cricetidae","Muridae","ITIS"
"3442","Peromyscus","Peromyscus","Cricetidae","Muridae","ITIS"
"4889","Peromyscus","Peromyscus","Cricetidae","Muridae","ITIS"
"3440","Peromyscus","Peromyscus","Cricetidae","Muridae","ITIS"
"6157","Peromyscus","Peromyscus","Cricetidae","Muridae","ITIS"
"19","Peromyscus","Peromyscus","Cricetidae","Muridae","ITIS"
"3720","Peromyscus","Peromyscus","Cricetidae","Muridae","ITIS"
"20","Peromyscus","Peromyscus","Cricetidae","Muridae","ITIS"
"21","Peromyscus","Peromyscus","Cricetidae","Muridae","ITIS"
"3724","Peromyscus","Peromyscus","Cricetidae","Muridae","ITIS"
"22","Peromyscus","Peromyscus","Cricetidae","Muridae","ITIS"
"23","Peromyscus","Peromyscus","Cricetidae","Muridae","ITIS"
"24","Peromyscus","Peromyscus","Cricetidae","Muridae","ITIS"
"25","Peromyscus","Peromyscus","Cricetidae","Muridae","ITIS"
"3441","Peromyscus","Peromyscus","Cricetidae","Muridae","ITIS"
"4953","Peromyscus","Peromyscus","Cricetidae","Muridae","ITIS"
"4847","Peromyscus","Peromyscus","Cricetidae","Muridae","ITIS"
"6145","Peromyscus","Peromyscus","Cricetidae","Muridae","ITIS"
"6146","Peromyscus","Peromyscus","Cricetidae","Muridae","ITIS"
"3456","Peromyscus","Peromyscus","Cricetidae","Muridae","ITIS"
"3455","Peromyscus","Peromyscus","Cricetidae","Muridae","ITIS"
"4885","Peromyscus","Peromyscus","Cricetidae","Muridae","ITIS"
"4887","Peromyscus","Peromyscus","Cricetidae","Muridae","ITIS"
"1378","Peromyscus","Peromyscus","Cricetidae","Muridae","ITIS"
"4890","Peromyscus","Peromyscus","Cricetidae","Muridae","ITIS"
"3454","Peromyscus","Peromyscus","Cricetidae","Muridae","ITIS"
"26","Peromyscus","Peromyscus","Cricetidae","Muridae","ITIS"
"5930","Peromyscus","Peromyscus","Cricetidae","Muridae","ITIS"
"6149","Peromyscus","Peromyscus","Cricetidae","Muridae","ITIS"
"6150","Peromyscus","Peromyscus","Cricetidae","Muridae","ITIS"
"6151","Peromyscus","Peromyscus","Cricetidae","Muridae","ITIS"
"17","Peromyscus","Peromyscus","Cricetidae","Muridae","ITIS"
"6153","Peromyscus","Peromyscus","Cricetidae","Muridae","ITIS"
"6154","Peromyscus","Peromyscus","Cricetidae","Muridae","ITIS"
"6155","Peromyscus","Peromyscus","Cricetidae","Muridae","ITIS"
"6156","Peromyscus","Peromyscus","Cricetidae","Muridae","ITIS"
"4888","Peromyscus","Peromyscus","Cricetidae","Muridae","ITIS"
"1174","Peromyscus","Peromyscus","Cricetidae","Muridae","ITIS"
"4930","Peromyscus","Peromyscus","Cricetidae","Muridae","ITIS"
"4929","Peromyscus","Peromyscus","Cricetidae","Muridae","ITIS"
"4921","Peromyscus","Peromyscus","Cricetidae","Muridae","ITIS"
"4920","Peromyscus","Peromyscus","Cricetidae","Muridae","ITIS"
"4762","Peromyscus","Peromyscus","Cricetidae","Muridae","ITIS"
"4914","Peromyscus","Peromyscus","Cricetidae","Muridae","ITIS"
"1675","Peromyscus","Peromyscus","Cricetidae","Muridae","ITIS"
"6170","Peromyscus","Peromyscus","Cricetidae","Muridae","ITIS"
"4950","Peromyscus","Peromyscus","Cricetidae","Muridae","ITIS"
"5421","Peromyscus","Peromyscus","Cricetidae","Muridae","ITIS"
"3375","Peromyscus","Peromyscus","Cricetidae","Muridae","ITIS"
"3885","Peromyscus","Peromyscus","Cricetidae","Muridae","ITIS"
"1175","Peromyscus","Peromyscus","Cricetidae","Muridae","ITIS"
"3884","Peromyscus","Peromyscus","Cricetidae","Muridae","ITIS"
"3855","Peromyscus","Peromyscus","Cricetidae","Muridae","ITIS"
"5420","Peromyscus","Peromyscus","Cricetidae","Muridae","ITIS"
"3883","Peromyscus","Peromyscus","Cricetidae","Muridae","ITIS"
"3882","Peromyscus","Peromyscus","Cricetidae","Muridae","ITIS"
"3389","Peromyscus","Peromyscus","Cricetidae","Muridae","ITIS"
"5109","Peromyscus","Peromyscus","Cricetidae","Muridae","ITIS"
"5424","Peromyscus","Peromyscus","Cricetidae","Muridae","ITIS"
"3499","Peromyscus","Peromyscus","Cricetidae","Muridae","ITIS"
"6142","Peromyscus","Peromyscus","Cricetidae","Muridae","ITIS"
"1114","Peromyscus","Peromyscus","Cricetidae","Muridae","ITIS"
"1115","Peromyscus","Peromyscus","Cricetidae","Muridae","ITIS"
"27","Peromyscus","Peromyscus","Cricetidae","Muridae","ITIS"
"4944","Peromyscus","Peromyscus","Cricetidae","Muridae","ITIS"
"3739","Peromyscus","Peromyscus","Cricetidae","Muridae","ITIS"
"3503","Peromyscus","Peromyscus","Cricetidae","Muridae","ITIS"
"4943","Peromyscus","Peromyscus","Cricetidae","Muridae","ITIS"
"3502","Peromyscus","Peromyscus","Cricetidae","Muridae","ITIS"
"4931","Peromyscus","Peromyscus","Cricetidae","Muridae","ITIS"
"3500","Peromyscus","Peromyscus","Cricetidae","Muridae","ITIS"
"4761","Peromyscus","Peromyscus","Cricetidae","Muridae","ITIS"
"3498","Peromyscus","Peromyscus","Cricetidae","Muridae","ITIS"
"3758","Peromyscus","Peromyscus","Cricetidae","Muridae","ITIS"
"6167","Peromyscus","Peromyscus","Cricetidae","Muridae","ITIS"
"3769","Peromyscus","Peromyscus","Cricetidae","Muridae","ITIS"
"5108","Peromyscus","Peromyscus","Cricetidae","Muridae","ITIS"
"3379","Peromyscus","Peromyscus","Cricetidae","Muridae","ITIS"
"4942","Peromyscus","Peromyscus","Cricetidae","Muridae","ITIS"
"4936","Peromyscus","Peromyscus","Cricetidae","Muridae","ITIS"
"1112","Peromyscus","Peromyscus","Cricetidae","Muridae","ITIS"
"1813","Peromyscus","Peromyscus","Cricetidae","Muridae","ITIS"
"4843","Peromyscus","Peromyscus","Cricetidae","Muridae","ITIS"
"6144","Peromyscus","Peromyscus","Cricetidae","Muridae","ITIS"
"1438","Peromyscus","Peromyscus","Cricetidae","Muridae","ITIS"
"1437","Peromyscus","Peromyscus","Cricetidae","Muridae","ITIS"
"1436","Peromyscus","Peromyscus","Cricetidae","Muridae","ITIS"
"4864","Peromyscus","Peromyscus","Cricetidae","Muridae","ITIS"
"3706","Peromyscus","Peromyscus","Cricetidae","Muridae","ITIS"
"4835","Peromyscus","Peromyscus","Cricetidae","Muridae","ITIS"
"4836","Peromyscus","Peromyscus","Cricetidae","Muridae","ITIS"
"3668","Peromyscus","Peromyscus","Cricetidae","Muridae","ITIS"
"4838","Peromyscus","Peromyscus","Cricetidae","Muridae","ITIS"
"1440","Peromyscus","Peromyscus","Cricetidae","Muridae","ITIS"
"4846","Peromyscus","Peromyscus","Cricetidae","Muridae","ITIS"
"1426","Peromyscus","Peromyscus","Cricetidae","Muridae","ITIS"
"1425","Peromyscus","Peromyscus","Cricetidae","Muridae","ITIS"
"4848","Peromyscus","Peromyscus","Cricetidae","Muridae","ITIS"
"1421","Peromyscus","Peromyscus","Cricetidae","Muridae","ITIS"
"1420","Peromyscus","Peromyscus","Cricetidae","Muridae","ITIS"
"1418","Peromyscus","Peromyscus","Cricetidae","Muridae","ITIS"
"1417","Peromyscus","Peromyscus","Cricetidae","Muridae","ITIS"
"1416","Peromyscus","Peromyscus","Cricetidae","Muridae","ITIS"
"4837","Peromyscus","Peromyscus","Cricetidae","Muridae","ITIS"
"4976","Peromyscus","Peromyscus","Cricetidae","Muridae","ITIS"
"3473","Peromyscus","Peromyscus","Cricetidae","Muridae","ITIS"
"5151","Peromyscus","Peromyscus","Cricetidae","Muridae","ITIS"
"3652","Peromyscus","Peromyscus","Cricetidae","Muridae","ITIS"
"3653","Peromyscus","Peromyscus","Cricetidae","Muridae","ITIS"
"5476","Peromyscus","Peromyscus","Cricetidae","Muridae","ITIS"
"4825","Peromyscus","Peromyscus","Cricetidae","Muridae","ITIS"
"4827","Peromyscus","Peromyscus","Cricetidae","Muridae","ITIS"
"5152","Peromyscus","Peromyscus","Cricetidae","Muridae","ITIS"
"1439","Peromyscus","Peromyscus","Cricetidae","Muridae","ITIS"
"4977","Peromyscus","Peromyscus","Cricetidae","Muridae","ITIS"
"3458","Peromyscus","Peromyscus","Cricetidae","Muridae","ITIS"
"1448","Peromyscus","Peromyscus","Cricetidae","Muridae","ITIS"
"4975","Peromyscus","Peromyscus","Cricetidae","Muridae","ITIS"
"4856","Peromyscus","Peromyscus","Cricetidae","Muridae","ITIS"
"5839","Peromyscus","Peromyscus","Cricetidae","Muridae","ITIS"
"5224","Peromyscus","Peromyscus","Cricetidae","Muridae","ITIS"
"4967","Peromyscus","Peromyscus","Cricetidae","Muridae","ITIS"
"4863","Peromyscus","Peromyscus","Cricetidae","Muridae","ITIS"
"4966","Peromyscus","Peromyscus","Cricetidae","Muridae","ITIS"
"4965","Peromyscus","Peromyscus","Cricetidae","Muridae","ITIS"
"4978","Peromyscus","Peromyscus","Cricetidae","Muridae","ITIS"
"1090","Peromyscus","Peromyscus","Cricetidae","Muridae","ITIS"
"1085","Peromyscus","Peromyscus","Cricetidae","Muridae","ITIS"
"5056","Peromyscus","Peromyscus","Cricetidae","Muridae","ITIS"
"1086","Peromyscus","Peromyscus","Cricetidae","Muridae","ITIS"
"1087","Peromyscus","Peromyscus","Cricetidae","Muridae","ITIS"
"4870","Peromyscus","Peromyscus","Cricetidae","Muridae","ITIS"
"1088","Peromyscus","Peromyscus","Cricetidae","Muridae","ITIS"
"4873","Peromyscus","Peromyscus","Cricetidae","Muridae","ITIS"
"4876","Peromyscus","Peromyscus","Cricetidae","Muridae","ITIS"
"1415","Peromyscus","Peromyscus","Cricetidae","Muridae","ITIS"
"1089","Peromyscus","Peromyscus","Cricetidae","Muridae","ITIS"
"1398","Peromyscus","Peromyscus","Cricetidae","Muridae","ITIS"
"4878","Peromyscus","Peromyscus","Cricetidae","Muridae","ITIS"
"4879","Peromyscus","Peromyscus","Cricetidae","Muridae","ITIS"
"4881","Peromyscus","Peromyscus","Cricetidae","Muridae","ITIS"
"4882","Peromyscus","Peromyscus","Cricetidae","Muridae","ITIS"
"4883","Peromyscus","Peromyscus","Cricetidae","Muridae","ITIS"
"1091","Peromyscus","Peromyscus","Cricetidae","Muridae","ITIS"
"5235","Peromyscus","Peromyscus","Cricetidae","Muridae","ITIS"
"4884","Peromyscus","Peromyscus","Cricetidae","Muridae","ITIS"
"6141","Peromyscus","Peromyscus","Cricetidae","Muridae","ITIS"
"4877","Peromyscus","Peromyscus","Cricetidae","Muridae","ITIS"
"4850","Peromyscus","Peromyscus","Cricetidae","Muridae","ITIS"
"4818","Peromyscus","Peromyscus","Cricetidae","Muridae","ITIS"
"1414","Peromyscus","Peromyscus","Cricetidae","Muridae","ITIS"
"1413","Peromyscus","Peromyscus","Cricetidae","Muridae","ITIS"
"1412","Peromyscus","Peromyscus","Cricetidae","Muridae","ITIS"
"1411","Peromyscus","Peromyscus","Cricetidae","Muridae","ITIS"
"1410","Peromyscus","Peromyscus","Cricetidae","Muridae","ITIS"
"1409","Peromyscus","Peromyscus","Cricetidae","Muridae","ITIS"
"1408","Peromyscus","Peromyscus","Cricetidae","Muridae","ITIS"
"1407","Peromyscus","Peromyscus","Cricetidae","Muridae","ITIS"
"1396","Peromyscus","Peromyscus","Cricetidae","Muridae","ITIS"
"4849","Peromyscus","Peromyscus","Cricetidae","Muridae","ITIS"
"1397","Peromyscus","Peromyscus","Cricetidae","Muridae","ITIS"
"3457","Peromyscus","Peromyscus","Cricetidae","Muridae","ITIS"
"193","Peromyscus","Peromyscus","Cricetidae","Muridae","ITIS"
"192","Peromyscus","Peromyscus","Cricetidae","Muridae","ITIS"
"191","Peromyscus","Peromyscus","Cricetidae","Muridae","ITIS"
"5055","Peromyscus","Peromyscus","Cricetidae","Muridae","ITIS"
"1082","Peromyscus","Peromyscus","Cricetidae","Muridae","ITIS"
"1083","Peromyscus","Peromyscus","Cricetidae","Muridae","ITIS"
"1084","Peromyscus","Peromyscus","Cricetidae","Muridae","ITIS"
"3707","Peromyscus","Peromyscus","Cricetidae","Muridae","ITIS"
"1406","Peromyscus","Peromyscus","Cricetidae","Muridae","ITIS"
"3016","Peromyscus","Peromyscus","Cricetidae","Muridae","ITIS"
"4200","Peromyscus","Peromyscus","Cricetidae","Muridae","ITIS"
"2082","Peromyscus","Peromyscus","Cricetidae","Muridae","ITIS"
"2083","Peromyscus","Peromyscus","Cricetidae","Muridae","ITIS"
"2084","Peromyscus","Peromyscus","Cricetidae","Muridae","ITIS"
"2085","Peromyscus","Peromyscus","Cricetidae","Muridae","ITIS"
"2086","Peromyscus","Peromyscus","Cricetidae","Muridae","ITIS"
"2607","Peromyscus","Peromyscus","Cricetidae","Muridae","ITIS"
"3017","Peromyscus","Peromyscus","Cricetidae","Muridae","ITIS"
"4190","Peromyscus","Peromyscus","Cricetidae","Muridae","ITIS"
"2566","Peromyscus","Peromyscus","Cricetidae","Muridae","ITIS"
"2565","Peromyscus","Peromyscus","Cricetidae","Muridae","ITIS"
"4202","Peromyscus","Peromyscus","Cricetidae","Muridae","ITIS"
"4203","Peromyscus","Peromyscus","Cricetidae","Muridae","ITIS"
"5944","Peromyscus","Peromyscus","Cricetidae","Muridae","ITIS"
"5945","Peromyscus","Peromyscus","Cricetidae","Muridae","ITIS"
"4201","Peromyscus","Peromyscus","Cricetidae","Muridae","ITIS"
"4180","Peromyscus","Peromyscus","Cricetidae","Muridae","ITIS"
"4073","Peromyscus","Peromyscus","Cricetidae","Muridae","ITIS"
"2605","Peromyscus","Peromyscus","Cricetidae","Muridae","ITIS"
"5879","Peromyscus","Peromyscus","Cricetidae","Muridae","ITIS"
"2598","Peromyscus","Peromyscus","Cricetidae","Muridae","ITIS"
"2597","Peromyscus","Peromyscus","Cricetidae","Muridae","ITIS"
"2591","Peromyscus","Peromyscus","Cricetidae","Muridae","ITIS"
"4199","Peromyscus","Peromyscus","Cricetidae","Muridae","ITIS"
"4179","Peromyscus","Peromyscus","Cricetidae","Muridae","ITIS"
"4191","Peromyscus","Peromyscus","Cricetidae","Muridae","ITIS"
"4182","Peromyscus","Peromyscus","Cricetidae","Muridae","ITIS"
"4183","Peromyscus","Peromyscus","Cricetidae","Muridae","ITIS"
"4187","Peromyscus","Peromyscus","Cricetidae","Muridae","ITIS"
"4188","Peromyscus","Peromyscus","Cricetidae","Muridae","ITIS"
"2576","Peromyscus","Peromyscus","Cricetidae","Muridae","ITIS"
"2575","Peromyscus","Peromyscus","Cricetidae","Muridae","ITIS"
"4211","Peromyscus","Peromyscus","Cricetidae","Muridae","ITIS"
"4178","Peromyscus","Peromyscus","Cricetidae","Muridae","ITIS"
"2105","Peromyscus","Peromyscus","Cricetidae","Muridae","ITIS"
"4209","Peromyscus","Peromyscus","Cricetidae","Muridae","ITIS"
"2098","Peromyscus","Peromyscus","Cricetidae","Muridae","ITIS"
"2099","Peromyscus","Peromyscus","Cricetidae","Muridae","ITIS"
"2100","Peromyscus","Peromyscus","Cricetidae","Muridae","ITIS"
"2101","Peromyscus","Peromyscus","Cricetidae","Muridae","ITIS"
"2102","Peromyscus","Peromyscus","Cricetidae","Muridae","ITIS"
"2096","Peromyscus","Peromyscus","Cricetidae","Muridae","ITIS"
"2104","Peromyscus","Peromyscus","Cricetidae","Muridae","ITIS"
"2095","Peromyscus","Peromyscus","Cricetidae","Muridae","ITIS"
"2106","Peromyscus","Peromyscus","Cricetidae","Muridae","ITIS"
"2107","Peromyscus","Peromyscus","Cricetidae","Muridae","ITIS"
"2108","Peromyscus","Peromyscus","Cricetidae","Muridae","ITIS"
"2109","Peromyscus","Peromyscus","Cricetidae","Muridae","ITIS"
"2481","Peromyscus","Peromyscus","Cricetidae","Muridae","ITIS"
"4466","Peromyscus","Peromyscus","Cricetidae","Muridae","ITIS"
"4461","Peromyscus","Peromyscus","Cricetidae","Muridae","ITIS"
"2519","Peromyscus","Peromyscus","Cricetidae","Muridae","ITIS"
"2531","Peromyscus","Peromyscus","Cricetidae","Muridae","ITIS"
"2608","Peromyscus","Peromyscus","Cricetidae","Muridae","ITIS"
"5946","Peromyscus","Peromyscus","Cricetidae","Muridae","ITIS"
"5947","Peromyscus","Peromyscus","Cricetidae","Muridae","ITIS"
"5396","Peromyscus","Peromyscus","Cricetidae","Muridae","ITIS"
"2540","Peromyscus","Peromyscus","Cricetidae","Muridae","ITIS"
"2539","Peromyscus","Peromyscus","Cricetidae","Muridae","ITIS"
"2097","Peromyscus","Peromyscus","Cricetidae","Muridae","ITIS"
"5395","Peromyscus","Peromyscus","Cricetidae","Muridae","ITIS"
"4210","Peromyscus","Peromyscus","Cricetidae","Muridae","ITIS"
"2530","Peromyscus","Peromyscus","Cricetidae","Muridae","ITIS"
"4216","Peromyscus","Peromyscus","Cricetidae","Muridae","ITIS"
"4217","Peromyscus","Peromyscus","Cricetidae","Muridae","ITIS"
"4218","Peromyscus","Peromyscus","Cricetidae","Muridae","ITIS"
"2520","Peromyscus","Peromyscus","Cricetidae","Muridae","ITIS"
"2093","Peromyscus","Peromyscus","Cricetidae","Muridae","ITIS"
"2094","Peromyscus","Peromyscus","Cricetidae","Muridae","ITIS"
"2538","Peromyscus","Peromyscus","Cricetidae","Muridae","ITIS"
"2721","Peromyscus","Peromyscus","Cricetidae","Muridae","ITIS"
"2774","Peromyscus","Peromyscus","Cricetidae","Muridae","ITIS"
"2763","Peromyscus","Peromyscus","Cricetidae","Muridae","ITIS"
"6017","Peromyscus","Peromyscus","Cricetidae","Muridae","ITIS"
"2749","Peromyscus","Peromyscus","Cricetidae","Muridae","ITIS"
"5175","Peromyscus","Peromyscus","Cricetidae","Muridae","ITIS"
"2741","Peromyscus","Peromyscus","Cricetidae","Muridae","ITIS"
"2606","Peromyscus","Peromyscus","Cricetidae","Muridae","ITIS"
"2722","Peromyscus","Peromyscus","Cricetidae","Muridae","ITIS"
"2785","Peromyscus","Peromyscus","Cricetidae","Muridae","ITIS"
"2714","Peromyscus","Peromyscus","Cricetidae","Muridae","ITIS"
"2713","Peromyscus","Peromyscus","Cricetidae","Muridae","ITIS"
"1973","Peromyscus","Peromyscus","Cricetidae","Muridae","ITIS"
"1974","Peromyscus","Peromyscus","Cricetidae","Muridae","ITIS"
"1975","Peromyscus","Peromyscus","Cricetidae","Muridae","ITIS"
"1976","Peromyscus","Peromyscus","Cricetidae","Muridae","ITIS"
"2740","Peromyscus","Peromyscus","Cricetidae","Muridae","ITIS"
"4079","Peromyscus","Peromyscus","Cricetidae","Muridae","ITIS"
"4074","Peromyscus","Peromyscus","Cricetidae","Muridae","ITIS"
"4691","Peromyscus","Peromyscus","Cricetidae","Muridae","ITIS"
"4076","Peromyscus","Peromyscus","Cricetidae","Muridae","ITIS"
"1673","Peromyscus","Peromyscus","Cricetidae","Muridae","ITIS"
"3005","Peromyscus","Peromyscus","Cricetidae","Muridae","ITIS"
"4077","Peromyscus","Peromyscus","Cricetidae","Muridae","ITIS"
"2775","Peromyscus","Peromyscus","Cricetidae","Muridae","ITIS"
"2900","Peromyscus","Peromyscus","Cricetidae","Muridae","ITIS"
"2784","Peromyscus","Peromyscus","Cricetidae","Muridae","ITIS"
"5987","Peromyscus","Peromyscus","Cricetidae","Muridae","ITIS"
"2805","Peromyscus","Peromyscus","Cricetidae","Muridae","ITIS"
"2804","Peromyscus","Peromyscus","Cricetidae","Muridae","ITIS"
"2803","Peromyscus","Peromyscus","Cricetidae","Muridae","ITIS"
"2802","Peromyscus","Peromyscus","Cricetidae","Muridae","ITIS"
"2801","Peromyscus","Peromyscus","Cricetidae","Muridae","ITIS"
"1979","Peromyscus","Peromyscus","Cricetidae","Muridae","ITIS"
"4078","Peromyscus","Peromyscus","Cricetidae","Muridae","ITIS"
"2643","Peromyscus","Peromyscus","Cricetidae","Muridae","ITIS"
"1977","Peromyscus","Peromyscus","Cricetidae","Muridae","ITIS"
"4148","Peromyscus","Peromyscus","Cricetidae","Muridae","ITIS"
"4149","Peromyscus","Peromyscus","Cricetidae","Muridae","ITIS"
"4150","Peromyscus","Peromyscus","Cricetidae","Muridae","ITIS"
"4151","Peromyscus","Peromyscus","Cricetidae","Muridae","ITIS"
"4152","Peromyscus","Peromyscus","Cricetidae","Muridae","ITIS"
"4147","Peromyscus","Peromyscus","Cricetidae","Muridae","ITIS"
"4158","Peromyscus","Peromyscus","Cricetidae","Muridae","ITIS"
"4146","Peromyscus","Peromyscus","Cricetidae","Muridae","ITIS"
"2633","Peromyscus","Peromyscus","Cricetidae","Muridae","ITIS"
"4162","Peromyscus","Peromyscus","Cricetidae","Muridae","ITIS"
"2626","Peromyscus","Peromyscus","Cricetidae","Muridae","ITIS"
"4165","Peromyscus","Peromyscus","Cricetidae","Muridae","ITIS"
"2620","Peromyscus","Peromyscus","Cricetidae","Muridae","ITIS"
"2616","Peromyscus","Peromyscus","Cricetidae","Muridae","ITIS"
"2612","Peromyscus","Peromyscus","Cricetidae","Muridae","ITIS"
"4157","Peromyscus","Peromyscus","Cricetidae","Muridae","ITIS"
"1988","Peromyscus","Peromyscus","Cricetidae","Muridae","ITIS"
"2673","Peromyscus","Peromyscus","Cricetidae","Muridae","ITIS"
"1981","Peromyscus","Peromyscus","Cricetidae","Muridae","ITIS"
"1982","Peromyscus","Peromyscus","Cricetidae","Muridae","ITIS"
"1983","Peromyscus","Peromyscus","Cricetidae","Muridae","ITIS"
"1984","Peromyscus","Peromyscus","Cricetidae","Muridae","ITIS"
"1985","Peromyscus","Peromyscus","Cricetidae","Muridae","ITIS"
"2689","Peromyscus","Peromyscus","Cricetidae","Muridae","ITIS"
"1987","Peromyscus","Peromyscus","Cricetidae","Muridae","ITIS"
"1978","Peromyscus","Peromyscus","Cricetidae","Muridae","ITIS"
"1989","Peromyscus","Peromyscus","Cricetidae","Muridae","ITIS"
"1990","Peromyscus","Peromyscus","Cricetidae","Muridae","ITIS"
"1991","Peromyscus","Peromyscus","Cricetidae","Muridae","ITIS"
"1992","Peromyscus","Peromyscus","Cricetidae","Muridae","ITIS"
"1993","Peromyscus","Peromyscus","Cricetidae","Muridae","ITIS"
"1994","Peromyscus","Peromyscus","Cricetidae","Muridae","ITIS"
"1995","Peromyscus","Peromyscus","Cricetidae","Muridae","ITIS"
"1986","Peromyscus","Peromyscus","Cricetidae","Muridae","ITIS"
"2257","Peromyscus","Peromyscus","Cricetidae","Muridae","ITIS"
"5363","Peromyscus","Peromyscus","Cricetidae","Muridae","ITIS"
"5362","Peromyscus","Peromyscus","Cricetidae","Muridae","ITIS"
"5361","Peromyscus","Peromyscus","Cricetidae","Muridae","ITIS"
"2252","Peromyscus","Peromyscus","Cricetidae","Muridae","ITIS"
"2253","Peromyscus","Peromyscus","Cricetidae","Muridae","ITIS"
"2393","Peromyscus","Peromyscus","Cricetidae","Muridae","ITIS"
"5394","Peromyscus","Peromyscus","Cricetidae","Muridae","ITIS"
"2256","Peromyscus","Peromyscus","Cricetidae","Muridae","ITIS"
"5378","Peromyscus","Peromyscus","Cricetidae","Muridae","ITIS"
"2258","Peromyscus","Peromyscus","Cricetidae","Muridae","ITIS"
"4386","Peromyscus","Peromyscus","Cricetidae","Muridae","ITIS"
"5354","Peromyscus","Peromyscus","Cricetidae","Muridae","ITIS"
"4416","Peromyscus","Peromyscus","Cricetidae","Muridae","ITIS"
"4392","Peromyscus","Peromyscus","Cricetidae","Muridae","ITIS"
"2266","Peromyscus","Peromyscus","Cricetidae","Muridae","ITIS"
"4385","Peromyscus","Peromyscus","Cricetidae","Muridae","ITIS"
"4360","Peromyscus","Peromyscus","Cricetidae","Muridae","ITIS"
"2194","Peromyscus","Peromyscus","Cricetidae","Muridae","ITIS"
"2195","Peromyscus","Peromyscus","Cricetidae","Muridae","ITIS"
"2196","Peromyscus","Peromyscus","Cricetidae","Muridae","ITIS"
"2197","Peromyscus","Peromyscus","Cricetidae","Muridae","ITIS"
"2493","Peromyscus","Peromyscus","Cricetidae","Muridae","ITIS"
"2492","Peromyscus","Peromyscus","Cricetidae","Muridae","ITIS"
"6040","Peromyscus","Peromyscus","Cricetidae","Muridae","ITIS"
"4353","Peromyscus","Peromyscus","Cricetidae","Muridae","ITIS"
"4432","Peromyscus","Peromyscus","Cricetidae","Muridae","ITIS"
"6031","Peromyscus","Peromyscus","Cricetidae","Muridae","ITIS"
"4361","Peromyscus","Peromyscus","Cricetidae","Muridae","ITIS"
"5173","Peromyscus","Peromyscus","Cricetidae","Muridae","ITIS"
"5381","Peromyscus","Peromyscus","Cricetidae","Muridae","ITIS"
"5380","Peromyscus","Peromyscus","Cricetidae","Muridae","ITIS"
"5379","Peromyscus","Peromyscus","Cricetidae","Muridae","ITIS"
"2371","Peromyscus","Peromyscus","Cricetidae","Muridae","ITIS"
"2491","Peromyscus","Peromyscus","Cricetidae","Muridae","ITIS"
"2355","Peromyscus","Peromyscus","Cricetidae","Muridae","ITIS"
"2267","Peromyscus","Peromyscus","Cricetidae","Muridae","ITIS"
"2360","Peromyscus","Peromyscus","Cricetidae","Muridae","ITIS"
"2359","Peromyscus","Peromyscus","Cricetidae","Muridae","ITIS"
"2358","Peromyscus","Peromyscus","Cricetidae","Muridae","ITIS"
"2338","Peromyscus","Peromyscus","Cricetidae","Muridae","ITIS"
"2339","Peromyscus","Peromyscus","Cricetidae","Muridae","ITIS"
"2333","Peromyscus","Peromyscus","Cricetidae","Muridae","ITIS"
"2356","Peromyscus","Peromyscus","Cricetidae","Muridae","ITIS"
"2332","Peromyscus","Peromyscus","Cricetidae","Muridae","ITIS"
"2354","Peromyscus","Peromyscus","Cricetidae","Muridae","ITIS"
"2353","Peromyscus","Peromyscus","Cricetidae","Muridae","ITIS"
"2345","Peromyscus","Peromyscus","Cricetidae","Muridae","ITIS"
"2352","Peromyscus","Peromyscus","Cricetidae","Muridae","ITIS"
"2351","Peromyscus","Peromyscus","Cricetidae","Muridae","ITIS"
"4408","Peromyscus","Peromyscus","Cricetidae","Muridae","ITIS"
"2350","Peromyscus","Peromyscus","Cricetidae","Muridae","ITIS"
"2357","Peromyscus","Peromyscus","Cricetidae","Muridae","ITIS"
"2283","Peromyscus","Peromyscus","Cricetidae","Muridae","ITIS"
"2191","Peromyscus","Peromyscus","Cricetidae","Muridae","ITIS"
"2272","Peromyscus","Peromyscus","Cricetidae","Muridae","ITIS"
"2273","Peromyscus","Peromyscus","Cricetidae","Muridae","ITIS"
"5351","Peromyscus","Peromyscus","Cricetidae","Muridae","ITIS"
"2279","Peromyscus","Peromyscus","Cricetidae","Muridae","ITIS"
"2280","Peromyscus","Peromyscus","Cricetidae","Muridae","ITIS"
"2361","Peromyscus","Peromyscus","Cricetidae","Muridae","ITIS"
"2282","Peromyscus","Peromyscus","Cricetidae","Muridae","ITIS"
"2372","Peromyscus","Peromyscus","Cricetidae","Muridae","ITIS"
"2325","Peromyscus","Peromyscus","Cricetidae","Muridae","ITIS"
"2326","Peromyscus","Peromyscus","Cricetidae","Muridae","ITIS"
"2327","Peromyscus","Peromyscus","Cricetidae","Muridae","ITIS"
"2328","Peromyscus","Peromyscus","Cricetidae","Muridae","ITIS"
"2329","Peromyscus","Peromyscus","Cricetidae","Muridae","ITIS"
"2330","Peromyscus","Peromyscus","Cricetidae","Muridae","ITIS"
"2362","Peromyscus","Peromyscus","Cricetidae","Muridae","ITIS"
"2281","Peromyscus","Peromyscus","Cricetidae","Muridae","ITIS"
"4249","Peromyscus","Peromyscus","Cricetidae","Muridae","ITIS"
"2235","Peromyscus","Peromyscus","Cricetidae","Muridae","ITIS"
"2452","Peromyscus","Peromyscus","Cricetidae","Muridae","ITIS"
"5970","Peromyscus","Peromyscus","Cricetidae","Muridae","ITIS"
"5971","Peromyscus","Peromyscus","Cricetidae","Muridae","ITIS"
"2441","Peromyscus","Peromyscus","Cricetidae","Muridae","ITIS"
"2440","Peromyscus","Peromyscus","Cricetidae","Muridae","ITIS"
"2454","Peromyscus","Peromyscus","Cricetidae","Muridae","ITIS"
"4248","Peromyscus","Peromyscus","Cricetidae","Muridae","ITIS"
"4225","Peromyscus","Peromyscus","Cricetidae","Muridae","ITIS"
"4250","Peromyscus","Peromyscus","Cricetidae","Muridae","ITIS"
"5974","Peromyscus","Peromyscus","Cricetidae","Muridae","ITIS"
"4254","Peromyscus","Peromyscus","Cricetidae","Muridae","ITIS"
"2231","Peromyscus","Peromyscus","Cricetidae","Muridae","ITIS"
"2232","Peromyscus","Peromyscus","Cricetidae","Muridae","ITIS"
"2233","Peromyscus","Peromyscus","Cricetidae","Muridae","ITIS"
"2193","Peromyscus","Peromyscus","Cricetidae","Muridae","ITIS"
"4235","Peromyscus","Peromyscus","Cricetidae","Muridae","ITIS"
"2662","Peromyscus","Peromyscus","Cricetidae","Muridae","ITIS"
"4075","Peromyscus","Peromyscus","Cricetidae","Muridae","ITIS"
"2672","Peromyscus","Peromyscus","Cricetidae","Muridae","ITIS"
"4224","Peromyscus","Peromyscus","Cricetidae","Muridae","ITIS"
"5393","Peromyscus","Peromyscus","Cricetidae","Muridae","ITIS"
"5961","Peromyscus","Peromyscus","Cricetidae","Muridae","ITIS"
"2665","Peromyscus","Peromyscus","Cricetidae","Muridae","ITIS"
"2453","Peromyscus","Peromyscus","Cricetidae","Muridae","ITIS"
"2663","Peromyscus","Peromyscus","Cricetidae","Muridae","ITIS"
"5975","Peromyscus","Peromyscus","Cricetidae","Muridae","ITIS"
"5392","Peromyscus","Peromyscus","Cricetidae","Muridae","ITIS"
"5962","Peromyscus","Peromyscus","Cricetidae","Muridae","ITIS"
"5963","Peromyscus","Peromyscus","Cricetidae","Muridae","ITIS"
"5174","Peromyscus","Peromyscus","Cricetidae","Muridae","ITIS"
"5966","Peromyscus","Peromyscus","Cricetidae","Muridae","ITIS"
"2462","Peromyscus","Peromyscus","Cricetidae","Muridae","ITIS"
"2461","Peromyscus","Peromyscus","Cricetidae","Muridae","ITIS"
"2664","Peromyscus","Peromyscus","Cricetidae","Muridae","ITIS"
"2320","Peromyscus","Peromyscus","Cricetidae","Muridae","ITIS"
"2234","Peromyscus","Peromyscus","Cricetidae","Muridae","ITIS"
"6024","Peromyscus","Peromyscus","Cricetidae","Muridae","ITIS"
"2314","Peromyscus","Peromyscus","Cricetidae","Muridae","ITIS"
"2315","Peromyscus","Peromyscus","Cricetidae","Muridae","ITIS"
"2316","Peromyscus","Peromyscus","Cricetidae","Muridae","ITIS"
"2317","Peromyscus","Peromyscus","Cricetidae","Muridae","ITIS"
"2310","Peromyscus","Peromyscus","Cricetidae","Muridae","ITIS"
"2319","Peromyscus","Peromyscus","Cricetidae","Muridae","ITIS"
"2505","Peromyscus","Peromyscus","Cricetidae","Muridae","ITIS"
"2321","Peromyscus","Peromyscus","Cricetidae","Muridae","ITIS"
"2322","Peromyscus","Peromyscus","Cricetidae","Muridae","ITIS"
"2323","Peromyscus","Peromyscus","Cricetidae","Muridae","ITIS"
"2188","Peromyscus","Peromyscus","Cricetidae","Muridae","ITIS"
"2189","Peromyscus","Peromyscus","Cricetidae","Muridae","ITIS"
"2190","Peromyscus","Peromyscus","Cricetidae","Muridae","ITIS"
"2674","Peromyscus","Peromyscus","Cricetidae","Muridae","ITIS"
"2318","Peromyscus","Peromyscus","Cricetidae","Muridae","ITIS"
"5976","Peromyscus","Peromyscus","Cricetidae","Muridae","ITIS"
"4255","Peromyscus","Peromyscus","Cricetidae","Muridae","ITIS"
"4257","Peromyscus","Peromyscus","Cricetidae","Muridae","ITIS"
"2239","Peromyscus","Peromyscus","Cricetidae","Muridae","ITIS"
"2240","Peromyscus","Peromyscus","Cricetidae","Muridae","ITIS"
"2241","Peromyscus","Peromyscus","Cricetidae","Muridae","ITIS"
"2242","Peromyscus","Peromyscus","Cricetidae","Muridae","ITIS"
"6023","Peromyscus","Peromyscus","Cricetidae","Muridae","ITIS"
"2518","Peromyscus","Peromyscus","Cricetidae","Muridae","ITIS"
"2192","Peromyscus","Peromyscus","Cricetidae","Muridae","ITIS"
"2512","Peromyscus","Peromyscus","Cricetidae","Muridae","ITIS"
"2185","Peromyscus","Peromyscus","Cricetidae","Muridae","ITIS"
"2186","Peromyscus","Peromyscus","Cricetidae","Muridae","ITIS"
"2187","Peromyscus","Peromyscus","Cricetidae","Muridae","ITIS"
"2284","Peromyscus","Peromyscus","Cricetidae","Muridae","ITIS"
"2285","Peromyscus","Peromyscus","Cricetidae","Muridae","ITIS"
"2286","Peromyscus","Peromyscus","Cricetidae","Muridae","ITIS"
"2243","Peromyscus","Peromyscus","Cricetidae","Muridae","ITIS"
"4597","Peromyscus","Peromyscus","Cricetidae","Muridae","ITIS"
"4612","Peromyscus","Peromyscus","Cricetidae","Muridae","ITIS"
"5190","Peromyscus","Peromyscus","Cricetidae","Muridae","ITIS"
"4644","Peromyscus","Peromyscus","Cricetidae","Muridae","ITIS"
"4643","Peromyscus","Peromyscus","Cricetidae","Muridae","ITIS"
"3102","Peromyscus","Peromyscus","Cricetidae","Muridae","ITIS"
"4600","Peromyscus","Peromyscus","Cricetidae","Muridae","ITIS"
"1698","Peromyscus","Peromyscus","Cricetidae","Muridae","ITIS"
"4598","Peromyscus","Peromyscus","Cricetidae","Muridae","ITIS"
"1697","Peromyscus","Peromyscus","Cricetidae","Muridae","ITIS"
"4596","Peromyscus","Peromyscus","Cricetidae","Muridae","ITIS"
"4595","Peromyscus","Peromyscus","Cricetidae","Muridae","ITIS"
"3087","Peromyscus","Peromyscus","Cricetidae","Muridae","ITIS"
"3086","Peromyscus","Peromyscus","Cricetidae","Muridae","ITIS"
"4590","Peromyscus","Peromyscus","Cricetidae","Muridae","ITIS"
"4589","Peromyscus","Peromyscus","Cricetidae","Muridae","ITIS"
"4599","Peromyscus","Peromyscus","Cricetidae","Muridae","ITIS"
"1689","Peromyscus","Peromyscus","Cricetidae","Muridae","ITIS"
"1681","Peromyscus","Peromyscus","Cricetidae","Muridae","ITIS"
"1682","Peromyscus","Peromyscus","Cricetidae","Muridae","ITIS"
"1683","Peromyscus","Peromyscus","Cricetidae","Muridae","ITIS"
"1684","Peromyscus","Peromyscus","Cricetidae","Muridae","ITIS"
"1685","Peromyscus","Peromyscus","Cricetidae","Muridae","ITIS"
"1686","Peromyscus","Peromyscus","Cricetidae","Muridae","ITIS"
"1699","Peromyscus","Peromyscus","Cricetidae","Muridae","ITIS"
"1688","Peromyscus","Peromyscus","Cricetidae","Muridae","ITIS"
"3081","Peromyscus","Peromyscus","Cricetidae","Muridae","ITIS"
"1690","Peromyscus","Peromyscus","Cricetidae","Muridae","ITIS"
"1691","Peromyscus","Peromyscus","Cricetidae","Muridae","ITIS"
"1692","Peromyscus","Peromyscus","Cricetidae","Muridae","ITIS"
"1694","Peromyscus","Peromyscus","Cricetidae","Muridae","ITIS"
"5191","Peromyscus","Peromyscus","Cricetidae","Muridae","ITIS"
"1696","Peromyscus","Peromyscus","Cricetidae","Muridae","ITIS"
"1687","Peromyscus","Peromyscus","Cricetidae","Muridae","ITIS"
"3062","Peromyscus","Peromyscus","Cricetidae","Muridae","ITIS"
"1846","Peromyscus","Peromyscus","Cricetidae","Muridae","ITIS"
"1847","Peromyscus","Peromyscus","Cricetidae","Muridae","ITIS"
"4578","Peromyscus","Peromyscus","Cricetidae","Muridae","ITIS"
"1849","Peromyscus","Peromyscus","Cricetidae","Muridae","ITIS"
"3015","Peromyscus","Peromyscus","Cricetidae","Muridae","ITIS"
"3014","Peromyscus","Peromyscus","Cricetidae","Muridae","ITIS"
"5294","Peromyscus","Peromyscus","Cricetidae","Muridae","ITIS"
"3063","Peromyscus","Peromyscus","Cricetidae","Muridae","ITIS"
"1843","Peromyscus","Peromyscus","Cricetidae","Muridae","ITIS"
"3006","Peromyscus","Peromyscus","Cricetidae","Muridae","ITIS"
"3055","Peromyscus","Peromyscus","Cricetidae","Muridae","ITIS"
"2821","Peromyscus","Peromyscus","Cricetidae","Muridae","ITIS"
"3053","Peromyscus","Peromyscus","Cricetidae","Muridae","ITIS"
"3046","Peromyscus","Peromyscus","Cricetidae","Muridae","ITIS"
"4613","Peromyscus","Peromyscus","Cricetidae","Muridae","ITIS"
"3012","Peromyscus","Peromyscus","Cricetidae","Muridae","ITIS"
"3096","Peromyscus","Peromyscus","Cricetidae","Muridae","ITIS"
"1678","Peromyscus","Peromyscus","Cricetidae","Muridae","ITIS"
"3079","Peromyscus","Peromyscus","Cricetidae","Muridae","ITIS"
"3078","Peromyscus","Peromyscus","Cricetidae","Muridae","ITIS"
"3077","Peromyscus","Peromyscus","Cricetidae","Muridae","ITIS"
"3076","Peromyscus","Peromyscus","Cricetidae","Muridae","ITIS"
"4579","Peromyscus","Peromyscus","Cricetidae","Muridae","ITIS"
"1845","Peromyscus","Peromyscus","Cricetidae","Muridae","ITIS"
"3099","Peromyscus","Peromyscus","Cricetidae","Muridae","ITIS"
"1844","Peromyscus","Peromyscus","Cricetidae","Muridae","ITIS"
"3095","Peromyscus","Peromyscus","Cricetidae","Muridae","ITIS"
"3093","Peromyscus","Peromyscus","Cricetidae","Muridae","ITIS"
"3091","Peromyscus","Peromyscus","Cricetidae","Muridae","ITIS"
"1840","Peromyscus","Peromyscus","Cricetidae","Muridae","ITIS"
"1841","Peromyscus","Peromyscus","Cricetidae","Muridae","ITIS"
"1842","Peromyscus","Peromyscus","Cricetidae","Muridae","ITIS"
"3082","Peromyscus","Peromyscus","Cricetidae","Muridae","ITIS"
"3100","Peromyscus","Peromyscus","Cricetidae","Muridae","ITIS"
"3938","Peromyscus","Peromyscus","Cricetidae","Muridae","ITIS"
"3541","Peromyscus","Peromyscus","Cricetidae","Muridae","ITIS"
"3540","Peromyscus","Peromyscus","Cricetidae","Muridae","ITIS"
"3539","Peromyscus","Peromyscus","Cricetidae","Muridae","ITIS"
"3536","Peromyscus","Peromyscus","Cricetidae","Muridae","ITIS"
"6181","Peromyscus","Peromyscus","Cricetidae","Muridae","ITIS"
"4996","Peromyscus","Peromyscus","Cricetidae","Muridae","ITIS"
"5011","Peromyscus","Peromyscus","Cricetidae","Muridae","ITIS"
"3532","Peromyscus","Peromyscus","Cricetidae","Muridae","ITIS"
"3125","Peromyscus","Peromyscus","Cricetidae","Muridae","ITIS"
"5205","Peromyscus","Peromyscus","Cricetidae","Muridae","ITIS"
"3113","Peromyscus","Peromyscus","Cricetidae","Muridae","ITIS"
"5204","Peromyscus","Peromyscus","Cricetidae","Muridae","ITIS"
"5203","Peromyscus","Peromyscus","Cricetidae","Muridae","ITIS"
"5202","Peromyscus","Peromyscus","Cricetidae","Muridae","ITIS"
"1680","Peromyscus","Peromyscus","Cricetidae","Muridae","ITIS"
"3533","Peromyscus","Peromyscus","Cricetidae","Muridae","ITIS"
"3142","Peromyscus","Peromyscus","Cricetidae","Muridae","ITIS"
"1595","Peromyscus","Peromyscus","Cricetidae","Muridae","ITIS"
"1596","Peromyscus","Peromyscus","Cricetidae","Muridae","ITIS"
"1597","Peromyscus","Peromyscus","Cricetidae","Muridae","ITIS"
"1598","Peromyscus","Peromyscus","Cricetidae","Muridae","ITIS"
"3149","Peromyscus","Peromyscus","Cricetidae","Muridae","ITIS"
"3148","Peromyscus","Peromyscus","Cricetidae","Muridae","ITIS"
"3117","Peromyscus","Peromyscus","Cricetidae","Muridae","ITIS"
"5045","Peromyscus","Peromyscus","Cricetidae","Muridae","ITIS"
"3118","Peromyscus","Peromyscus","Cricetidae","Muridae","ITIS"
"3141","Peromyscus","Peromyscus","Cricetidae","Muridae","ITIS"
"3140","Peromyscus","Peromyscus","Cricetidae","Muridae","ITIS"
"3134","Peromyscus","Peromyscus","Cricetidae","Muridae","ITIS"
"3129","Peromyscus","Peromyscus","Cricetidae","Muridae","ITIS"
"3925","Peromyscus","Peromyscus","Cricetidae","Muridae","ITIS"
"3126","Peromyscus","Peromyscus","Cricetidae","Muridae","ITIS"
"5012","Peromyscus","Peromyscus","Cricetidae","Muridae","ITIS"
"3145","Peromyscus","Peromyscus","Cricetidae","Muridae","ITIS"
"5032","Peromyscus","Peromyscus","Cricetidae","Muridae","ITIS"
"1668","Peromyscus","Peromyscus","Cricetidae","Muridae","ITIS"
"1669","Peromyscus","Peromyscus","Cricetidae","Muridae","ITIS"
"1670","Peromyscus","Peromyscus","Cricetidae","Muridae","ITIS"
"1671","Peromyscus","Peromyscus","Cricetidae","Muridae","ITIS"
"1672","Peromyscus","Peromyscus","Cricetidae","Muridae","ITIS"
"1674","Peromyscus","Peromyscus","Cricetidae","Muridae","ITIS"
"5201","Peromyscus","Peromyscus","Cricetidae","Muridae","ITIS"
"1677","Peromyscus","Peromyscus","Cricetidae","Muridae","ITIS"
"5031","Peromyscus","Peromyscus","Cricetidae","Muridae","ITIS"
"3103","Peromyscus","Peromyscus","Cricetidae","Muridae","ITIS"
"6075","Peromyscus","Peromyscus","Cricetidae","Muridae","ITIS"
"6076","Peromyscus","Peromyscus","Cricetidae","Muridae","ITIS"
"6077","Peromyscus","Peromyscus","Cricetidae","Muridae","ITIS"
"6078","Peromyscus","Peromyscus","Cricetidae","Muridae","ITIS"
"3054","Peromyscus","Peromyscus","Cricetidae","Muridae","ITIS"
"1676","Peromyscus","Peromyscus","Cricetidae","Muridae","ITIS"
"5029","Peromyscus","Peromyscus","Cricetidae","Muridae","ITIS"
"5015","Peromyscus","Peromyscus","Cricetidae","Muridae","ITIS"
"5016","Peromyscus","Peromyscus","Cricetidae","Muridae","ITIS"
"5017","Peromyscus","Peromyscus","Cricetidae","Muridae","ITIS"
"5024","Peromyscus","Peromyscus","Cricetidae","Muridae","ITIS"
"5025","Peromyscus","Peromyscus","Cricetidae","Muridae","ITIS"
"3110","Peromyscus","Peromyscus","Cricetidae","Muridae","ITIS"
"1667","Peromyscus","Peromyscus","Cricetidae","Muridae","ITIS"
"6068","Peromyscus","Peromyscus","Cricetidae","Muridae","ITIS"
"1666","Peromyscus","Peromyscus","Cricetidae","Muridae","ITIS"
"5030","Peromyscus","Peromyscus","Cricetidae","Muridae","ITIS"
"4671","Peromyscus","Peromyscus","Cricetidae","Muridae","ITIS"
"4670","Peromyscus","Peromyscus","Cricetidae","Muridae","ITIS"
"4658","Peromyscus","Peromyscus","Cricetidae","Muridae","ITIS"
"5283","Peromyscus","Peromyscus","Cricetidae","Muridae","ITIS"
"4651","Peromyscus","Peromyscus","Cricetidae","Muridae","ITIS"
"1679","Peromyscus","Peromyscus","Cricetidae","Muridae","ITIS"
"5028","Peromyscus","Peromyscus","Cricetidae","Muridae","ITIS"
"2301","Peromyscus","Peromyscus","Cricetidae","Muridae","ITIS"
"4524","Peromyscus","Peromyscus","Cricetidae","Muridae","ITIS"
"2938","Peromyscus","Peromyscus","Cricetidae","Muridae","ITIS"
"2937","Peromyscus","Peromyscus","Cricetidae","Muridae","ITIS"
"2296","Peromyscus","Peromyscus","Cricetidae","Muridae","ITIS"
"2297","Peromyscus","Peromyscus","Cricetidae","Muridae","ITIS"
"2298","Peromyscus","Peromyscus","Cricetidae","Muridae","ITIS"
"2291","Peromyscus","Peromyscus","Cricetidae","Muridae","ITIS"
"2300","Peromyscus","Peromyscus","Cricetidae","Muridae","ITIS"
"2290","Peromyscus","Peromyscus","Cricetidae","Muridae","ITIS"
"2302","Peromyscus","Peromyscus","Cricetidae","Muridae","ITIS"
"2303","Peromyscus","Peromyscus","Cricetidae","Muridae","ITIS"
"2304","Peromyscus","Peromyscus","Cricetidae","Muridae","ITIS"
"2305","Peromyscus","Peromyscus","Cricetidae","Muridae","ITIS"
"2306","Peromyscus","Peromyscus","Cricetidae","Muridae","ITIS"
"2307","Peromyscus","Peromyscus","Cricetidae","Muridae","ITIS"
"2299","Peromyscus","Peromyscus","Cricetidae","Muridae","ITIS"
"4522","Peromyscus","Peromyscus","Cricetidae","Muridae","ITIS"
"2942","Peromyscus","Peromyscus","Cricetidae","Muridae","ITIS"
"2941","Peromyscus","Peromyscus","Cricetidae","Muridae","ITIS"
"1875","Peromyscus","Peromyscus","Cricetidae","Muridae","ITIS"
"1876","Peromyscus","Peromyscus","Cricetidae","Muridae","ITIS"
"3045","Peromyscus","Peromyscus","Cricetidae","Muridae","ITIS"
"2288","Peromyscus","Peromyscus","Cricetidae","Muridae","ITIS"
"2292","Peromyscus","Peromyscus","Cricetidae","Muridae","ITIS"
"4523","Peromyscus","Peromyscus","Cricetidae","Muridae","ITIS"
"1881","Peromyscus","Peromyscus","Cricetidae","Muridae","ITIS"
"5323","Peromyscus","Peromyscus","Cricetidae","Muridae","ITIS"
"4511","Peromyscus","Peromyscus","Cricetidae","Muridae","ITIS"
"4510","Peromyscus","Peromyscus","Cricetidae","Muridae","ITIS"
"4509","Peromyscus","Peromyscus","Cricetidae","Muridae","ITIS"
"2940","Peromyscus","Peromyscus","Cricetidae","Muridae","ITIS"
"2939","Peromyscus","Peromyscus","Cricetidae","Muridae","ITIS"
"3056","Peromyscus","Peromyscus","Cricetidae","Muridae","ITIS"
"4068","Peromyscus","Peromyscus","Cricetidae","Muridae","ITIS"
"2847","Peromyscus","Peromyscus","Cricetidae","Muridae","ITIS"
"4062","Peromyscus","Peromyscus","Cricetidae","Muridae","ITIS"
"4063","Peromyscus","Peromyscus","Cricetidae","Muridae","ITIS"
"4064","Peromyscus","Peromyscus","Cricetidae","Muridae","ITIS"
"4065","Peromyscus","Peromyscus","Cricetidae","Muridae","ITIS"
"2838","Peromyscus","Peromyscus","Cricetidae","Muridae","ITIS"
"1877","Peromyscus","Peromyscus","Cricetidae","Muridae","ITIS"
"4067","Peromyscus","Peromyscus","Cricetidae","Muridae","ITIS"
"2863","Peromyscus","Peromyscus","Cricetidae","Muridae","ITIS"
"4069","Peromyscus","Peromyscus","Cricetidae","Muridae","ITIS"
"2826","Peromyscus","Peromyscus","Cricetidae","Muridae","ITIS"
"5980","Peromyscus","Peromyscus","Cricetidae","Muridae","ITIS"
"5981","Peromyscus","Peromyscus","Cricetidae","Muridae","ITIS"
"5332","Peromyscus","Peromyscus","Cricetidae","Muridae","ITIS"
"5333","Peromyscus","Peromyscus","Cricetidae","Muridae","ITIS"
"4066","Peromyscus","Peromyscus","Cricetidae","Muridae","ITIS"
"4502","Peromyscus","Peromyscus","Cricetidae","Muridae","ITIS"
"2287","Peromyscus","Peromyscus","Cricetidae","Muridae","ITIS"
"1882","Peromyscus","Peromyscus","Cricetidae","Muridae","ITIS"
"1883","Peromyscus","Peromyscus","Cricetidae","Muridae","ITIS"
"1884","Peromyscus","Peromyscus","Cricetidae","Muridae","ITIS"
"2914","Peromyscus","Peromyscus","Cricetidae","Muridae","ITIS"
"2913","Peromyscus","Peromyscus","Cricetidae","Muridae","ITIS"
"2848","Peromyscus","Peromyscus","Cricetidae","Muridae","ITIS"
"4503","Peromyscus","Peromyscus","Cricetidae","Muridae","ITIS"
"4041","Peromyscus","Peromyscus","Cricetidae","Muridae","ITIS"
"4501","Peromyscus","Peromyscus","Cricetidae","Muridae","ITIS"
"2866","Peromyscus","Peromyscus","Cricetidae","Muridae","ITIS"
"2865","Peromyscus","Peromyscus","Cricetidae","Muridae","ITIS"
"2864","Peromyscus","Peromyscus","Cricetidae","Muridae","ITIS"
"4490","Peromyscus","Peromyscus","Cricetidae","Muridae","ITIS"
"4489","Peromyscus","Peromyscus","Cricetidae","Muridae","ITIS"
"2915","Peromyscus","Peromyscus","Cricetidae","Muridae","ITIS"
"2890","Peromyscus","Peromyscus","Cricetidae","Muridae","ITIS"
"1811","Peromyscus","Peromyscus","Cricetidae","Muridae","ITIS"
"5313","Peromyscus","Peromyscus","Cricetidae","Muridae","ITIS"
"2988","Peromyscus","Peromyscus","Cricetidae","Muridae","ITIS"
"5312","Peromyscus","Peromyscus","Cricetidae","Muridae","ITIS"
"2289","Peromyscus","Peromyscus","Cricetidae","Muridae","ITIS"
"2979","Peromyscus","Peromyscus","Cricetidae","Muridae","ITIS"
"2980","Peromyscus","Peromyscus","Cricetidae","Muridae","ITIS"
"2981","Peromyscus","Peromyscus","Cricetidae","Muridae","ITIS"
"3001","Peromyscus","Peromyscus","Cricetidae","Muridae","ITIS"
"1812","Peromyscus","Peromyscus","Cricetidae","Muridae","ITIS"
"3002","Peromyscus","Peromyscus","Cricetidae","Muridae","ITIS"
"1810","Peromyscus","Peromyscus","Cricetidae","Muridae","ITIS"
"1809","Peromyscus","Peromyscus","Cricetidae","Muridae","ITIS"
"1808","Peromyscus","Peromyscus","Cricetidae","Muridae","ITIS"
"2983","Peromyscus","Peromyscus","Cricetidae","Muridae","ITIS"
"2984","Peromyscus","Peromyscus","Cricetidae","Muridae","ITIS"
"4544","Peromyscus","Peromyscus","Cricetidae","Muridae","ITIS"
"5314","Peromyscus","Peromyscus","Cricetidae","Muridae","ITIS"
"2943","Peromyscus","Peromyscus","Cricetidae","Muridae","ITIS"
"3041","Peromyscus","Peromyscus","Cricetidae","Muridae","ITIS"
"1868","Peromyscus","Peromyscus","Cricetidae","Muridae","ITIS"
"1867","Peromyscus","Peromyscus","Cricetidae","Muridae","ITIS"
"1866","Peromyscus","Peromyscus","Cricetidae","Muridae","ITIS"
"4525","Peromyscus","Peromyscus","Cricetidae","Muridae","ITIS"
"3044","Peromyscus","Peromyscus","Cricetidae","Muridae","ITIS"
"4526","Peromyscus","Peromyscus","Cricetidae","Muridae","ITIS"
"3043","Peromyscus","Peromyscus","Cricetidae","Muridae","ITIS"
"5043","Peromyscus","Peromyscus","Cricetidae","Muridae","ITIS"
"1794","Peromyscus","Peromyscus","Cricetidae","Muridae","ITIS"
"3042","Peromyscus","Peromyscus","Cricetidae","Muridae","ITIS"
"2987","Peromyscus","Peromyscus","Cricetidae","Muridae","ITIS"
"3038","Peromyscus","Peromyscus","Cricetidae","Muridae","ITIS"
"4143","Peromyscus","Peromyscus","Cricetidae","Muridae","ITIS"
"2967","Peromyscus","Peromyscus","Cricetidae","Muridae","ITIS"
"5044","Peromyscus","Peromyscus","Cricetidae","Muridae","ITIS"
"2969","Peromyscus","Peromyscus","Cricetidae","Muridae","ITIS"
"2970","Peromyscus","Peromyscus","Cricetidae","Muridae","ITIS"
"3003","Peromyscus","Peromyscus","Cricetidae","Muridae","ITIS"
"3602","Peromyscus","Peromyscus","Cricetidae","Muridae","ITIS"
"1520","Reithrodontomys","Reithrodontomys","Cricetidae","Muridae","ITIS"
"1908","Reithrodontomys","Reithrodontomys","Cricetidae","Muridae","ITIS"
"2088","Reithrodontomys","Reithrodontomys","Cricetidae","Muridae","ITIS"
"4725","Reithrodontomys","Reithrodontomys","Cricetidae","Muridae","ITIS"
"4700","Reithrodontomys","Reithrodontomys","Cricetidae","Muridae","ITIS"
"4673","Reithrodontomys","Reithrodontomys","Cricetidae","Muridae","ITIS"
"2087","Reithrodontomys","Reithrodontomys","Cricetidae","Muridae","ITIS"
"5969","Reithrodontomys","Reithrodontomys","Cricetidae","Muridae","ITIS"
"2459","Reithrodontomys","Reithrodontomys","Cricetidae","Muridae","ITIS"
"1516","Reithrodontomys","Reithrodontomys","Cricetidae","Muridae","ITIS"
"2460","Reithrodontomys","Reithrodontomys","Cricetidae","Muridae","ITIS"
"5738","Reithrodontomys","Reithrodontomys","Cricetidae","Muridae","ITIS"
"5737","Reithrodontomys","Reithrodontomys","Cricetidae","Muridae","ITIS"
"5736","Reithrodontomys","Reithrodontomys","Cricetidae","Muridae","ITIS"
"4025","Reithrodontomys","Reithrodontomys","Cricetidae","Muridae","ITIS"
"3913","Reithrodontomys","Reithrodontomys","Cricetidae","Muridae","ITIS"
"4018","Reithrodontomys","Reithrodontomys","Cricetidae","Muridae","ITIS"
"2458","Reithrodontomys","Reithrodontomys","Cricetidae","Muridae","ITIS"
"2089","Reithrodontomys","Reithrodontomys","Cricetidae","Muridae","ITIS"
"2092","Reithrodontomys","Reithrodontomys","Cricetidae","Muridae","ITIS"
"2091","Reithrodontomys","Reithrodontomys","Cricetidae","Muridae","ITIS"
"4242","Reithrodontomys","Reithrodontomys","Cricetidae","Muridae","ITIS"
"4241","Reithrodontomys","Reithrodontomys","Cricetidae","Muridae","ITIS"
"5918","Reithrodontomys","Reithrodontomys","Cricetidae","Muridae","ITIS"
"6168","Reithrodontomys","Reithrodontomys","Cricetidae","Muridae","ITIS"
"2090","Reithrodontomys","Reithrodontomys","Cricetidae","Muridae","ITIS"
"1374","Reithrodontomys","Reithrodontomys","Cricetidae","Muridae","ITIS"
"1518","Reithrodontomys","Reithrodontomys","Cricetidae","Muridae","ITIS"
"1376","Reithrodontomys","Reithrodontomys","Cricetidae","Muridae","ITIS"
"4567","Reithrodontomys","Reithrodontomys","Cricetidae","Muridae","ITIS"
"1419","Reithrodontomys","Reithrodontomys","Cricetidae","Muridae","ITIS"
"1441","Reithrodontomys","Reithrodontomys","Cricetidae","Muridae","ITIS"
"1492","Reithrodontomys","Reithrodontomys","Cricetidae","Muridae","ITIS"
"1493","Reithrodontomys","Reithrodontomys","Cricetidae","Muridae","ITIS"
"1494","Reithrodontomys","Reithrodontomys","Cricetidae","Muridae","ITIS"
"1510","Reithrodontomys","Reithrodontomys","Cricetidae","Muridae","ITIS"
"1515","Reithrodontomys","Reithrodontomys","Cricetidae","Muridae","ITIS"
"4222","Reithrodontomys","Reithrodontomys","Cricetidae","Muridae","ITIS"
"1517","Reithrodontomys","Reithrodontomys","Cricetidae","Muridae","ITIS"
"1375","Reithrodontomys","Reithrodontomys","Cricetidae","Muridae","ITIS"
"4568","Reithrodontomys","Reithrodontomys","Cricetidae","Muridae","ITIS"
"5723","Reithrodontomys","Reithrodontomys","Cricetidae","Muridae","ITIS"
"1701","Reithrodontomys","Reithrodontomys","Cricetidae","Muridae","ITIS"
"4593","Reithrodontomys","Reithrodontomys","Cricetidae","Muridae","ITIS"
"4592","Reithrodontomys","Reithrodontomys","Cricetidae","Muridae","ITIS"
"4591","Reithrodontomys","Reithrodontomys","Cricetidae","Muridae","ITIS"
"4186","Reithrodontomys","Reithrodontomys","Cricetidae","Muridae","ITIS"
"2587","Reithrodontomys","Reithrodontomys","Cricetidae","Muridae","ITIS"
"4614","Reithrodontomys","Reithrodontomys","Cricetidae","Muridae","ITIS"
"1695","Reithrodontomys","Reithrodontomys","Cricetidae","Muridae","ITIS"
"4569","Reithrodontomys","Reithrodontomys","Cricetidae","Muridae","ITIS"
"1693","Reithrodontomys","Reithrodontomys","Cricetidae","Muridae","ITIS"
"4370","Reithrodontomys","Reithrodontomys","Cricetidae","Muridae","ITIS"
"4167","Reithrodontomys","Reithrodontomys","Cricetidae","Muridae","ITIS"
"4166","Reithrodontomys","Reithrodontomys","Cricetidae","Muridae","ITIS"
"1870","Reithrodontomys","Reithrodontomys","Cricetidae","Muridae","ITIS"
"4483","Reithrodontomys","Reithrodontomys","Cricetidae","Muridae","ITIS"
"1879","Reithrodontomys","Reithrodontomys","Cricetidae","Muridae","ITIS"
"4507","Reithrodontomys","Reithrodontomys","Cricetidae","Muridae","ITIS"
"4505","Reithrodontomys","Reithrodontomys","Cricetidae","Muridae","ITIS"
"4504","Reithrodontomys","Reithrodontomys","Cricetidae","Muridae","ITIS"
"4570","Reithrodontomys","Reithrodontomys","Cricetidae","Muridae","ITIS"
"5621","Reithrodontomys","Reithrodontomys","Cricetidae","Muridae","ITIS"
"4998","Reithrodontomys","Reithrodontomys","Cricetidae","Muridae","ITIS"
"1519","Reithrodontomys","Reithrodontomys","Cricetidae","Muridae","ITIS"
"2912","Reithrodontomys","Reithrodontomys","Cricetidae","Muridae","ITIS"
"5206","Reithrodontomys","Reithrodontomys","Cricetidae","Muridae","ITIS"
"3939","Reithrodontomys","Reithrodontomys","Cricetidae","Muridae","ITIS"
"5950","Reithrodontomys","Reithrodontomys","Cricetidae","Muridae","ITIS"
"5949","Reithrodontomys","Reithrodontomys","Cricetidae","Muridae","ITIS"
"2535","Reithrodontomys","Reithrodontomys","Cricetidae","Muridae","ITIS"
"1700","Reithrodontomys","Reithrodontomys","Cricetidae","Muridae","ITIS"
"5014","Reithrodontomys","Reithrodontomys","Cricetidae","Muridae","ITIS"
"5724","Reithrodontomys","Reithrodontomys","Cricetidae","Muridae","ITIS"
"2677","Reithrodontomys","Reithrodontomys","Cricetidae","Muridae","ITIS"
"2536","Reithrodontomys","Reithrodontomys","Cricetidae","Muridae","ITIS"
"5948","Reithrodontomys","Reithrodontomys","Cricetidae","Muridae","ITIS"
"2554","Reithrodontomys","Reithrodontomys","Cricetidae","Muridae","ITIS"
"2555","Reithrodontomys","Reithrodontomys","Cricetidae","Muridae","ITIS"
"5147","Reithrodontomys","Reithrodontomys","Cricetidae","Muridae","ITIS"
"4672","Reithrodontomys","Reithrodontomys","Cricetidae","Muridae","ITIS"
"4650","Reithrodontomys","Reithrodontomys","Cricetidae","Muridae","ITIS"
"1980","Reithrodontomys","Reithrodontomys","Cricetidae","Muridae","ITIS"
"5013","Reithrodontomys","Reithrodontomys","Cricetidae","Muridae","ITIS"
"2236","Reithrodontomys","Reithrodontomys","Cricetidae","Muridae","ITIS"
"1522","Reithrodontomys","Reithrodontomys","Cricetidae","Muridae","ITIS"
"2254","Reithrodontomys","Reithrodontomys","Cricetidae","Muridae","ITIS"
"2478","Reithrodontomys","Reithrodontomys","Cricetidae","Muridae","ITIS"
"4410","Reithrodontomys","Reithrodontomys","Cricetidae","Muridae","ITIS"
"2265","Reithrodontomys","Reithrodontomys","Cricetidae","Muridae","ITIS"
"2250","Reithrodontomys","Reithrodontomys","Cricetidae","Muridae","ITIS"
"2251","Reithrodontomys","Reithrodontomys","Cricetidae","Muridae","ITIS"
"3662","Reithrodontomys","Reithrodontomys","Cricetidae","Muridae","ITIS"
"6025","Reithrodontomys","Reithrodontomys","Cricetidae","Muridae","ITIS"
"4411","Reithrodontomys","Reithrodontomys","Cricetidae","Muridae","ITIS"
"5154","Reithrodontomys","Reithrodontomys","Cricetidae","Muridae","ITIS"
"2237","Reithrodontomys","Reithrodontomys","Cricetidae","Muridae","ITIS"
"2248","Reithrodontomys","Reithrodontomys","Cricetidae","Muridae","ITIS"
"2245","Reithrodontomys","Reithrodontomys","Cricetidae","Muridae","ITIS"
"2249","Reithrodontomys","Reithrodontomys","Cricetidae","Muridae","ITIS"
"4352","Reithrodontomys","Reithrodontomys","Cricetidae","Muridae","ITIS"
"4915","Reithrodontomys","Reithrodontomys","Cricetidae","Muridae","ITIS"
"2268","Reithrodontomys","Reithrodontomys","Cricetidae","Muridae","ITIS"
"2261","Reithrodontomys","Reithrodontomys","Cricetidae","Muridae","ITIS"
"4369","Reithrodontomys","Reithrodontomys","Cricetidae","Muridae","ITIS"
"2247","Reithrodontomys","Reithrodontomys","Cricetidae","Muridae","ITIS"
"2255","Reithrodontomys","Reithrodontomys","Cricetidae","Muridae","ITIS"
"2259","Reithrodontomys","Reithrodontomys","Cricetidae","Muridae","ITIS"
"2260","Reithrodontomys","Reithrodontomys","Cricetidae","Muridae","ITIS"
"2479","Reithrodontomys","Reithrodontomys","Cricetidae","Muridae","ITIS"
"2369","Reithrodontomys","Reithrodontomys","Cricetidae","Muridae","ITIS"
"2225","Reithrodontomys","Reithrodontomys","Cricetidae","Muridae","ITIS"
"2262","Reithrodontomys","Reithrodontomys","Cricetidae","Muridae","ITIS"
"5153","Reithrodontomys","Reithrodontomys","Cricetidae","Muridae","ITIS"
"2367","Reithrodontomys","Reithrodontomys","Cricetidae","Muridae","ITIS"
"2246","Reithrodontomys","Reithrodontomys","Cricetidae","Muridae","ITIS"
"2263","Reithrodontomys","Reithrodontomys","Cricetidae","Muridae","ITIS"
"2370","Reithrodontomys","Reithrodontomys","Cricetidae","Muridae","ITIS"
"1570","Sigmodon","Sigmodon","Cricetidae","Muridae","ITIS"
"4721","Sigmodon","Sigmodon","Cricetidae","Muridae","ITIS"
"5192","Sigmodon","Sigmodon","Cricetidae","Muridae","ITIS"
"4935","Sigmodon","Sigmodon","Cricetidae","Muridae","ITIS"
"4221","Sigmodon","Sigmodon","Cricetidae","Muridae","ITIS"
"4776","Sigmodon","Sigmodon","Cricetidae","Muridae","ITIS"
"4220","Sigmodon","Sigmodon","Cricetidae","Muridae","ITIS"
"4627","Sigmodon","Sigmodon","Cricetidae","Muridae","ITIS"
"4916","Sigmodon","Sigmodon","Cricetidae","Muridae","ITIS"
"4720","Sigmodon","Sigmodon","Cricetidae","Muridae","ITIS"
"2599","Sigmodon","Sigmodon","Cricetidae","Muridae","ITIS"
"2513","Sigmodon","Sigmodon","Cricetidae","Muridae","ITIS"
"5382","Sigmodon","Sigmodon","Cricetidae","Muridae","ITIS"
"6172","Sigmodon","Sigmodon","Cricetidae","Muridae","ITIS"
"6171","Sigmodon","Sigmodon","Cricetidae","Muridae","ITIS"
"5067","Sigmodon","Sigmodon","Cricetidae","Muridae","ITIS"
"5315","Sigmodon","Sigmodon","Cricetidae","Muridae","ITIS"
"4409","Sigmodon","Sigmodon","Cricetidae","Muridae","ITIS"
"4628","Sigmodon","Sigmodon","Cricetidae","Muridae","ITIS"
"4354","Sigmodon","Sigmodon","Cricetidae","Muridae","ITIS"
"2448","Sigmodon","Sigmodon","Cricetidae","Muridae","ITIS"
"4615","Sigmodon","Sigmodon","Cricetidae","Muridae","ITIS"
"2694","Sigmodon","Sigmodon","Cricetidae","Muridae","ITIS"
"3852","Sigmodon","Sigmodon","Cricetidae","Muridae","ITIS"
"3853","Sigmodon","Sigmodon","Cricetidae","Muridae","ITIS"
"3854","Sigmodon","Sigmodon","Cricetidae","Muridae","ITIS"
"1569","Sigmodon","Sigmodon","Cricetidae","Muridae","ITIS"
"6169","Sigmodon","Sigmodon","Cricetidae","Muridae","ITIS"
"4632","Sigmodon","Sigmodon","Cricetidae","Muridae","ITIS"
"3856","Sigmodon","Sigmodon","Cricetidae","Muridae","ITIS"
"3857","Sigmodon","Sigmodon","Cricetidae","Muridae","ITIS"
"4642","Sigmodon","Sigmodon","Cricetidae","Muridae","ITIS"
